sex,bdate,city,groups,careers
м,25.12.1981,Москва,,
ж,,Екатеринбург,,
м,,Санкт-Петербург,,
м,10.8.1987,Веселый,,
м,,,,
м,9.7.1986,Москва,,
м,11.5.1975,Москва,,
м,5.3.1990,Нижний Новгород,,
м,,Томск,,
м,,Москва,,
м,16.8.1985,Городец,,
ж,,,,
м,,Троицк,,
м,,,,
м,24.3.1983,Красноярск,,
м,,Москва,,
м,25.11.1986,Новосибирск,,
м,,Москва,,
ж,,Москва,,
м,20.8.1983,Иркутск,,
м,,Москва,,
м,,Волгоград,,
ж,,Москва,,
ж,,Санкт-Петербург,,
м,,Москва,,
ж,,Москва,,
м,,Санкт-Петербург,,
м,,Красноярск,,
м,10.5.1989,Москва,,
м,,,,
ж,19.9.1989,Москва,,
м,26.3.1990,Москва,,
м,6.9.1990,Санкт-Петербург,,
м,,Москва,,
ж,,Рязань,,
м,,,,
ж,18.6.1989,Минск,,
м,,Липецк,,
м,,Воронеж,,
м,,Москва,,
м,,Москва,,
м,,,,
м,24.8.1987,Новосибирск,,
м,,Омск,,
м,,Москва,,
ж,,Санкт-Петербург,,
м,,Ростов-на-Дону,,
ж,,Казань,,
м,,Ставрополь,,
м,,Владимир,,
м,,Минск,,
ж,,Краснодар,,
м,,Северск,,
ж,16.11.1992,Москва,,
м,14.12.1985,Ставрополь,,
ж,23.8.1987,Пенза,,
м,,Екатеринбург,,
м,8.3.1983,Калининград,,
м,,Санкт-Петербург,,
м,,Минск,,
ж,13.9.1991,Петропавловск-Камчатский,,
ж,,Москва,,
ж,9.5.1978,Москва,,
ж,30.11.1988,Санкт-Петербург,,
м,15.8.1988,Алматы,,
м,8.6.1988,Москва,,
м,,Рязань,,
ж,,Новосибирск,,
м,20.2.1989,Каменск-Уральский,,
ж,,Санкт-Петербург,,
м,,,,
м,,,,
м,,Новосибирск,,
м,2.12.1986,,,
м,,Боровичи,,
м,7.7.1988,Астрахань,,
м,2.5.1976,Воронеж,,
м,,Москва,,
ж,26.11.1990,Санкт-Петербург,,
м,,Ko Pha-ngan,,
м,28.5.1975,Москва,,
м,9.5.1987,Пестрецы,,
м,,Пермь,,
м,,Хабаровск,,
м,,,,
ж,,Белгород,,
ж,,,,
ж,,Пермь,,
м,20.5.1984,New York City,,
м,5.9.1991,,,
ж,11.8.1983,Челябинск,,
м,,Чебоксары,,
ж,,Лобня,,
м,,Иркутск,,
м,21.5.1986,Минск,,
м,,,,
м,,Симферополь,,
м,,,,
м,,Новосибирск,,
м,5.5.1985,Санкт-Петербург,,
м,,Санкт-Петербург,,
м,26.8.1920,Звенигород,,
м,,Уфа,,
м,21.7.1990,Саратов,,
м,6.8.1985,Гродно,,
м,,,,
м,,,,
м,,Москва,,
м,7.8.1986,,,
ж,,,,
ж,12.11.1984,Москва,,
м,,Москва,,
м,,Волгоград,,
ж,,Москва,,
м,20.12.1986,Краснодар,,
м,15.12.1987,,,
м,26.2.1975,Самара,,
ж,29.4.1981,Пенза,,
м,,,,
м,,,,
м,14.10.1988,Москва,,
м,,Рязань,,
ж,,Тамбов,,
м,,Санкт-Петербург,,
м,,Тула,,
м,8.11.1989,Сургут,,
м,28.4.1981,Москва,,
ж,,,,
ж,,Ивантеевка,,
м,,Белгород,,
ж,17.3.1990,Тюмень,,
м,,Сыктывкар,,
м,,Москва,,
м,,Воронеж,,
ж,,Санкт-Петербург,,
ж,14.11.1984,Москва,,
м,15.7.1985,Самара,,
м,,Уфа,,
м,,Ростов-на-Дону,,
м,,Москва,,
м,1.1.1938,Москва,,
м,22.1.1917,Москва,,
м,27.3.1990,Екатеринбург,,
ж,30.4.1990,,,
ж,,Ставрополь,,
ж,,Санкт-Петербург,,
м,,,,
ж,6.10.1974,Москва,,
м,17.5.1981,Москва,,
ж,,Иваново,,
м,,Брянск,,
м,,Култаево,,
м,9.1.1981,Екатеринбург,,
м,,Горно-Алтайск,,
м,30.5.1983,Сызрань,,
м,,,,
м,6.1.1980,Красноярск,,
м,,Тольятти,,
м,6.8.1978,Пенза,,
м,,Санкт-Петербург,,
м,9.9.1989,Ростов-на-Дону,,
м,,Москва,,
ж,,,,
м,,Москва,,
ж,,Москва,,
м,31.1.1990,Москва,,
м,,Ангарск,,
м,12.9.1989,,,
м,,,,
м,,Тольятти,,
м,,,,
м,,Москва,,
м,,Макеевка,,
м,25.5.1985,Ярославль,,
м,,Красноярск,,
м,,Красноярск,,
м,,,,
м,20.7.1984,Гомель,,
м,,Ростов-на-Дону,,
м,,,,
м,,Челябинск,,
ж,,Москва,,
м,5.10.1984,Москва,,
ж,10.1.1991,Петрозаводск,,
м,28.11.1986,Кемерово,,
м,,Ростов-на-Дону,,
м,15.7.1990,Санкт-Петербург,,
м,,Самара,,
м,,Санкт-Петербург,,
ж,,,,
м,,Омск,,
ж,,,,
м,,Москва,,
м,12.6.1990,,,
ж,,Москва,,
м,,Севастополь,,
м,27.7.1989,Москва,,
м,,,,
м,,,,
м,,Ижевск,,
м,,Астана / Нур-Султан,,
м,,Калининград,,
м,,,,
ж,,,,
м,,Пенза,,
м,4.7.1988,,,
ж,15.2.1993,Москва,,
м,21.10.1985,,,
ж,,,,
м,,,,
ж,5.8.1984,Рязань,,
м,,Санкт-Петербург,,
м,,Ульяновск,,
ж,2.5.2008,Москва,,
м,,,,
м,18.7.1989,Химки,,
м,20.3.1989,Челябинск,,
м,,Москва,,
ж,11.8.1988,Уфа,,
ж,,Санкт-Петербург,,
м,,,,
м,,Нижний Новгород,,
м,2.4.1988,Нижний Новгород,,
м,14.4.1984,Петрозаводск,,
м,13.4.1988,Магнитогорск,,
м,28.6.1992,Ростов-на-Дону,,
ж,,Москва,,
м,4.5.1983,Смоленск,,
ж,,Пермь,,
м,,Сергиев Посад,,
ж,8.4.1968,,,
ж,,Калининград,,
м,,Санкт-Петербург,,
м,,Вознесенская,,
м,10.3.1920,Москва,,
м,,Саратов,,
м,10.4.1991,,,
м,9.12.1990,,,
ж,,Волгоград,,
м,23.1.1988,Пермь,,
м,,Санкт-Петербург,,
ж,,,,
м,12.10.1985,Санкт-Петербург,,
м,,Москва,,
м,8.10.1985,Арзамас,,
м,,Челябинск,,
м,23.9.1997,Самара,,
ж,,Санкт-Петербург,,
ж,,Москва,,
м,,,,
м,12.2.1994,Санкт-Петербург,,
м,,Mokpo,,
ж,,Санкт-Петербург,,
м,,Екатеринбург,,
м,,Вильнюс,,
м,4.1.1974,Москва,,
м,14.12.1990,Петрозаводск,,
м,,,,
м,,Новокузнецк,,
м,28.4.1988,Москва,,
м,24.3.1977,Липецк,,
м,5.4.1985,Пермь,,
ж,,Волгоград,,
м,,Челябинск,,
ж,6.12.1987,Челябинск,,
м,26.12.1980,Москва,,
ж,,Псков,,
м,9.6.1926,Douglas,,
м,9.7.1992,Москва,,
м,,Москва,,
м,9.9.1994,Москва,,
м,11.2.1992,Москва,,
м,,Самара,,
м,29.12.1992,Санкт-Петербург,,
м,,Кемерово,,
ж,10.7.1993,Псков,,
ж,,,,
ж,,Новосибирск,,
ж,,Пермь,,
м,9.8.1985,Краснодар,,
м,,Краснодар,,
м,,Москва,,
м,28.8.1991,Иваново,,
м,22.8.1983,Москва,,
м,,Саратов,,
м,25.11.1989,Москва,,
ж,,Москва,,
ж,,Уфа,,
м,,Москва,,
м,15.5.1986,Уфа,,
м,,,,
м,19.9.1985,Екатеринбург,,
м,30.1.1986,Севастополь,,
ж,,Красноярск,,
м,26.12.1981,Стерлитамак,,
м,30.11.1979,Казань,,
м,7.11.1991,,,
м,4.3.1981,Боровичи,,
м,19.1.1989,Ижевск,,
м,,,,
ж,,Москва,,
м,,Находка,,
м,,,,
м,,Калуга,,
м,,,,
м,,Ho Chi Minh City,,
м,,,,
м,,Kingston,,
м,,Новосибирск,,
ж,,Москва,,
м,,Мурманск,,
м,,Севастополь,,
м,29.8.1990,Витебск,,
м,1.9.1982,Новороссийск,,
м,27.7.1986,Нижний Тагил,,
м,1.10.1986,Москва,,
м,,Москва,,
м,,,,
м,18.9.1982,Пермь,,
ж,,Новосибирск,,
м,8.5.1986,,,
ж,,Екатеринбург,,
ж,,,,
ж,17.7.1984,Москва,,
м,,Старый Оскол,,
м,,,,
ж,19.4.1989,Королёв,,
м,20.4.1991,Москва,,
м,,Ростов-на-Дону,,
м,11.9.1984,Нижний Новгород,,
ж,28.3.1990,Москва,,
ж,,Москва,,
м,21.3.1989,Вологда,,
ж,9.2.1994,Москва,,
ж,,Москва,,
ж,,Балашиха,,
м,24.7.1985,Тула,,
ж,21.8.1995,Санкт-Петербург,,
м,16.2.1991,Череповец,,
м,3.2.1986,Севастополь,,
м,,Москва,,
м,25.3.1991,,,
ж,,Санкт-Петербург,,
м,9.11.1985,,,
м,,Анапа,,
ж,,Самара,,
м,,Москва,,
м,,,,
ж,,Екатеринбург,,
ж,4.6.1988,Ростов-на-Дону,,
м,,Санкт-Петербург,,
м,,Москва,,
ж,,Истра,,
ж,,Волгоград,,
ж,21.5.1987,Иркутск,,
м,23.2.1996,Санкт-Петербург,,
м,6.2.1989,Мурманск,,
м,,Москва,,
м,,,,
м,,Санкт-Петербург,,
м,,Брянск,,
м,23.1.1992,Москва,,
ж,,Санкт-Петербург,,
м,,,,
м,4.5.1984,Москва,,
м,,Якутск,,
ж,15.3.1989,Москва,,
м,,Калининград,,
м,22.7.1983,Севастополь,,
ж,,Москва,,
ж,12.10.1989,Самара,,
ж,,,,
ж,,Калининград,,
ж,,,,
м,,Москва,,
м,,Москва,,
ж,,,,
м,5.3.1987,Москва,,
ж,31.8.1981,Нижний Новгород,,
м,12.10.1989,Санкт-Петербург,,
м,22.6.1971,Пермь,,
ж,19.6.1995,Воронеж,,
м,,Белгород,,
м,,Москва,,
ж,,Москва,,
м,19.4.1984,Румянцево,,
ж,,,,
ж,4.4.1993,Москва,,
м,4.11.1986,Уфа,,
м,10.7.1976,Воронеж,,
м,,Санкт-Петербург,,
ж,6.1.1997,Санкт-Петербург,,
ж,,Воскресенск,,
ж,,,,
ж,10.3.1987,Глазов,,
м,,Москва,,
м,,,,
м,21.10.1988,Уфа,,
ж,13.9.1994,,,
м,,Мурманск,,
м,24.6.1978,Sydney,,
м,,,,
м,,Кызылорда,,
м,5.7.1983,Москва,,
м,1.12.1981,Санкт-Петербург,,
ж,,,,
ж,27.10.1990,Севастополь,,
ж,,Новосибирск,,
м,,Иваново,,
ж,,,,
м,,,,
ж,,Москва,,
ж,,Челябинск,,
м,,Москва,,
м,,Минск,,
ж,12.3.1985,Ростов-на-Дону,,
ж,,Санкт-Петербург,,
м,,Караганда,,
м,,Москва,,
м,,Москва,,
м,9.10.1988,Москва,,
м,27.3.1982,Красноярск,,
м,,Люберцы,,
м,,,,
м,7.12.1994,,,
м,,,,
м,9.8.1987,Киров,,
м,22.7.1992,Красноярск,,
м,,Самара,,
ж,,Москва,,
ж,,Волгоград,,
м,11.3.1994,Москва,,
ж,,Москва,,
ж,,Москва,,
м,,Апатиты,,
ж,5.10.1991,,,
ж,,,,
м,,Санкт-Петербург,,
м,16.10.1989,Нижневартовск,,
м,18.6.1985,Новосибирск,,
м,30.8.1988,Санкт-Петербург,,
м,21.8.1988,Нижний Новгород,,
м,1.6.1989,Москва,,
м,,Казань,,
м,,Ульяновск,,
м,6.10.1986,Москва,,
ж,,,,
м,,Самара,,
ж,,Санкт-Петербург,,
ж,,,,
м,,Москва,,
м,,Москва,,
м,,,,
м,,Москва,,
м,,,,
м,,Москва,,
м,,Ереван,,
ж,29.5.1992,Москва,,
м,13.8.1994,Санкт-Петербург,,
м,,Кемерово,,
м,,Санкт-Петербург,,
м,12.11.1988,Тюмень,,
м,,,,
м,23.5.1987,Могилёв,,
ж,21.4.1984,Новосибирск,,
м,,Мурманск,,
м,,,,
м,,Архангельск,,
м,9.6.1987,Ростов-на-Дону,,
м,,Ростов-на-Дону,,
м,,Екатеринбург,,
м,,Санкт-Петербург,,
м,,Тюмень,,
ж,,Уфа,,
м,,Екатеринбург,,
м,26.10.1988,Каменск-Уральский,,
ж,,Липецк,,
м,,,,
м,,Якутск,,
м,,Санкт-Петербург,,
м,30.10.1990,Москва,,
м,,Йошкар-Ола,,
м,,Москва,,
ж,2.7.1993,Москва,,
ж,,,,
ж,6.3.1991,Москва,,
м,14.2.1992,Москва,,
м,,,,
м,20.7.1995,Санкт-Петербург,,
м,8.7.1990,Челябинск,,
м,31.3.1989,Тверь,,
м,,Брест,,
ж,,,,
м,,Санкт-Петербург,,
м,23.6.1991,Сочи,,
м,,Москва,,
ж,30.1.1990,Уфа,,
ж,,,,
м,,Мурманск,,
м,24.3.1987,Санкт-Петербург,,
м,,Москва,,
м,,Yokohama,,
м,1.1.1986,Подольск,,
ж,,Кострома,,
м,,Москва,,
м,9.12.1985,Барнаул,,
ж,6.6.1990,,,
м,,Санкт-Петербург,,
м,12.1.1987,Санкт-Петербург,,
м,11.6.1985,Екатеринбург,,
м,16.4.1991,Москва,,
ж,22.12.1979,Екатеринбург,,
ж,12.4.1990,Ярославль,,
м,,Алматы,,
м,15.4.1984,Москва,,
м,,,,
ж,,Нижневартовск,,
м,13.9.1987,Москва,,
м,,Краснодар,,
м,,,,
м,,Санкт-Петербург,,
м,17.4.1945,Москва,,
м,,,,
м,,Санкт-Петербург,,
м,,Севастополь,,
м,,Стерлитамак,,
м,,,,
ж,,Новосибирск,,
м,,,,
ж,10.3.1990,,,
м,9.2.1984,Нефтекамск,,
м,2.10.1988,Волжский,,
м,17.2.1988,Москва,,
м,,Санкт-Петербург,,
м,13.9.1983,Нижний Новгород,,
м,8.3.1989,Краснодар,,
м,,Краснодар,,
м,,,,
ж,31.12.1976,Москва,,
м,28.4.1989,Новосибирск,,
м,19.4.1988,Пермь,,
ж,9.7.1985,Пермь,,
ж,,Иркутск,,
м,,Волхов,,
м,,Пермь,,
м,2.11.1986,Красноярск,,
ж,,Москва,,
ж,,Москва,,
м,,Санкт-Петербург,,
м,9.12.1989,Череповец,,
ж,,Санкт-Петербург,,
м,,Новосибирск,,
м,,,,
м,,,,
м,,,,
м,12.10.1991,Донецк,,
м,,Москва,,
м,3.3.1983,Калининград,,
м,7.9.1987,,,
м,,Нижний Новгород,,
м,,,,
ж,13.8.1987,Москва,,
м,16.2.1990,Los Angeles,,
ж,11.1.1989,Красноярск,,
м,,Иркутск,,
м,19.6.1990,Кемерово,,
м,9.10.1984,Ярославль,,
м,,Москва,,
м,,Севастополь,,
ж,,Москва,,
м,,Йошкар-Ола,,
м,,Самара,,
м,1.5.1990,,,
м,,,,
м,,Москва,,
м,,Ульяновск,,
м,14.12.1990,Ростов-на-Дону,,
м,1.8.1920,Nuuk,,
м,,,,
м,,,,
м,,Екатеринбург,,
м,,Москва,,
м,,,,
м,,,,
м,4.9.1901,,,
м,3.11.1979,Курган,,
ж,,Вилючинск,,
м,,Смоленск,,
м,,Москва,,
м,18.1.1990,,,
ж,,Красноярск,,
м,,,,
ж,,Челябинск,,
м,,Санкт-Петербург,,
м,11.7.1986,Москва,,
м,,Могилёв,,
м,21.12.1989,Нижний Новгород,,
м,17.1.1990,Нижний Тагил,,
м,3.10.1982,Алматы,,
м,,Тюмень,,
м,,,,
ж,,Ростов-на-Дону,,
м,,Санкт-Петербург,,
м,,,,
м,,Тбилиси,,
м,,Санкт-Петербург,,
м,25.10.1982,Хабаровск,,
м,,,,
м,16.12.1989,Коломна,,
м,,Москва,,
м,20.5.1990,Челябинск,,
ж,,Ижевск,,
м,,Севастополь,,
ж,,Москва,,
м,4.1.1987,Балаково,,
м,10.11.1983,,,
ж,,,,
м,26.9.1982,Москва,,
м,,Москва,,
м,,Ярославль,,
ж,13.11.1997,Санкт-Петербург,,
ж,,Калининград,,
м,,Калининград,,
ж,,,,
м,,Челябинск,,
ж,6.1.1994,Санкт-Петербург,,
м,,,,
ж,,,,
м,9.3.1992,Москва,,
м,,Екатеринбург,,
м,,Кемерово,,
м,,,,
ж,21.7.1988,Минск,,
ж,,Москва,,
м,20.3.1990,,,
ж,16.3.1988,Красноярск,,
ж,,Уфа,,
м,13.5.1987,Барнаул,,
м,,,,
м,3.3.1983,Санкт-Петербург,,
м,,Уфа,,
м,,,,
ж,31.8.1995,Псков,,
ж,,Москва,,
м,13.7.1983,Калининград,,
м,23.1.1987,Санкт-Петербург,,
м,11.1.1988,Уфа,,
м,26.10.1989,Альметьевск,,
м,,,,
ж,19.2.1991,,,
м,5.11.2007,Севастополь,,
м,,Смоленск,,
м,,,,
м,16.7.1973,,,
м,,Владивосток,,
м,24.3.1986,Шерегеш,,
м,,Москва,,
м,11.10.1979,Екатеринбург,,
м,,Москва,,
ж,,Кириши,,
м,,Москва,,
м,,Санкт-Петербург,,
м,27.3.1987,Москва,,
ж,,Москва,,
м,,Пятигорск,,
ж,,Москва,,
м,,Брянск,,
ж,,Санкт-Петербург,,
м,25.10.1990,,,
м,,,,
м,,Воронеж,,
ж,,Челябинск,,
ж,,,,
м,,Екатеринбург,,
ж,,,,
м,24.9.1992,Санкт-Петербург,,
м,11.8.1987,Радужный,,
м,29.8.1995,Санкт-Петербург,,
м,,Волгоград,,
м,24.7.1978,Нижний Новгород,,
м,,Москва,,
м,,Санкт-Петербург,,
м,,Москва,,
ж,,Санкт-Петербург,,
м,,,,
м,30.3.1992,Phuket,,
м,,Северодвинск,,
ж,,Matthews,,
м,,Воронеж,,
м,,,,
м,,Новосибирск,,
м,,Краснодар,,
м,21.2.1982,Барнаул,,
ж,1.11.1988,,,
ж,5.6.2008,,,
м,13.11.1989,Пермь,,
ж,,Нижний Новгород,,
ж,,Санкт-Петербург,,
м,,,,
ж,,Incheon,,
м,,Краснодар,,
м,,Тольятти,,
м,,Пермь,,
м,,,,
м,,Ижевск,,
м,12.2.1989,Севастополь,,
м,,Воронеж,,
м,,Москва,,
м,,,,
м,,Москва,,
м,26.2.1983,Череповец,,
м,,,,
м,21.8.1980,Красноярск,,
м,,,,
ж,,Ставрополь,,
ж,,Петрозаводск,,
м,17.3.1984,Вильнюс,,
м,,,,
м,12.3.1992,Москва,,
ж,,,,
м,12.10.1986,,,
ж,,,,
м,17.7.1985,Новосибирск,,
ж,,Москва,,
м,,Москва,,
м,,,,
ж,24.3.1994,Санкт-Петербург,,
ж,22.9.1988,Пермь,,
ж,,Гомель,,
м,10.12.1984,Великий Новгород,,
м,1.5.1993,Санкт-Петербург,,
м,18.6.1982,New York City,,
м,,Казань,,
м,,,,
м,13.10.1991,Уфа,,
м,,Ташкент,,
ж,,Санкт-Петербург,,
м,,Москва,,
м,1.3.1981,Волгодонск,,
м,,Екатеринбург,,
м,,Ярославль,,
м,,Санкт-Петербург,,
м,,Омск,,
ж,21.6.1986,Москва,,
м,8.2.1987,Санкт-Петербург,,
м,,,,
м,29.4.1988,Челябинск,,
ж,,Москва,,
м,25.3.1986,Ульяновск,,
м,9.6.1988,Казань,,
м,11.2.1979,Воронеж,,
м,1.3.1972,Москва,,
ж,,Кстово,,
м,,Челябинск,,
м,,Москва,,
м,,Москва,,
м,,Нижний Новгород,,
м,,Москва,,
ж,,,,
м,,Барнаул,,
м,1.6.1990,Москва,,
м,18.10.1992,Москва,,
ж,,Москва,,
ж,,Хабаровск,,
м,,Владивосток,,
ж,,Сосновоборск,,
м,,Томск,,
м,,,,
ж,,Санкт-Петербург,,
ж,,Барнаул,,
ж,,Москва,,
м,,,,
ж,12.1.1990,Ростов-на-Дону,,
ж,,Санкт-Петербург,,
ж,4.8.1982,,,
м,,Санкт-Петербург,,
м,,Санкт-Петербург,,
ж,,Воронеж,,
ж,16.11.1990,Москва,,
м,,Новосибирск,,
ж,27.6.1987,Ульяновск,,
м,2.11.1994,Санкт-Петербург,,
м,28.12.1970,Санкт-Петербург,,
м,30.8.1980,Уфа,,
ж,,Воронеж,,
м,,Stockholm,,
м,,Москва,,
ж,,Санкт-Петербург,,
м,1.1.1982,Йошкар-Ола,,
ж,14.7.1988,Санкт-Петербург,,
м,9.3.1982,Магнитогорск,,
м,,Москва,,
м,27.9.1990,Омск,,
м,25.8.1986,Москва,,
ж,,,,
м,,Ижевск,,
м,6.2.1987,Нальчик,,
ж,,Нижний Новгород,,
ж,9.8.1979,Пермь,,
м,,,,
м,,Новосибирск,,
ж,,,,
ж,,Москва,,
ж,,,,
м,17.7.1982,Архангельск,,
м,,San Francisco,,
м,3.8.1992,Москва,,
м,,Пермь,,
ж,9.2.1991,Москва,,
м,,,,
ж,,Волгоград,,
м,,Москва,,
м,9.1.1986,Москва,,
м,,,,
ж,,Москва,,
ж,,Пермь,,
ж,,Berlin,,
м,,Севастополь,,
м,22.2.1984,Москва,,
м,15.3.1989,Ярославль,,
м,10.11.1990,,,
м,7.9.1999,Москва,,
м,,Москва,,
м,,Санкт-Петербург,,
ж,23.3.1995,Омск,,
м,6.1.1990,,,
м,4.2.1991,Москва,,
м,2.8.1991,Ростов-на-Дону,,
м,,Москва,,
м,9.9.1979,Астана / Нур-Султан,,
м,4.3.1984,Москва,,
ж,20.8.1974,Ставрополь,,
м,,,,
ж,,,,
м,,,,
м,,Москва,,
м,3.7.1985,Иркутск,,
ж,,Москва,,
м,,Екатеринбург,,
ж,,Москва,,
м,17.7.1988,Санкт-Петербург,,
м,28.3.1972,Санкт-Петербург,,
ж,,Санкт-Петербург,,
м,,,,
м,9.5.1987,,,
м,6.11.1990,Минск,,
м,,Уфа,,
м,,Новосибирск,,
м,27.5.1995,Москва,,
м,,Калининград,,
ж,,,,
м,,Челябинск,,
ж,29.7.1989,Санкт-Петербург,,
ж,,Москва,,
м,,,,
м,,Новосибирск,,
м,4.1.1980,Новосибирск,,
м,,,,
м,,,,
м,,Москва,,
м,,,,
ж,8.12.1973,Челябинск,,
ж,,Новосибирск,,
м,21.3.1991,Москва,,
ж,,Москва,,
м,,Челябинск,,
м,,,,
ж,,Севастополь,,
м,,Москва,,
м,6.3.1989,Санкт-Петербург,,
м,24.2.1991,Москва,,
ж,,Санкт-Петербург,,
м,,Екатеринбург,,
ж,26.3.1993,Москва,,
ж,,Санкт-Петербург,,
м,,,,
ж,15.10.1988,Drammen,,
м,9.1.1984,Ставрополь,,
м,13.5.1993,Москва,,
м,1.8.1993,Санкт-Петербург,,
ж,,Красноярск,,начальник ПО
м,8.6.1992,,Лентач; Выхинская критика французской мысли; Midjourney — арты от нейросети; ФГУ МГУ имени М.В.Ломоносова. Всё официально.; Duran; Хреновые программисты; ПостНаука; Cool Bingo ЧГК; Philosophia Populara; Мемуары Ганеши; АСПИРАНТУРА ФГУ МГУ; Записки юной Миссис,
м,23.4.1989,Смоленск,"Пикабу; МЯСО | Мужская кухня; Визуальный английский | English; Лурк; Chery Россия; World of Warcraft; Славный Друже Oblomoff (рецепты, обзоры и ересь); Александр Пушной; Радио MAXIMUM; Фильмы в правильном переводе; Магазины настольных игр Hobby Games; Наука и жизнь; Навигатор игрового мира; Даниил Хармс; Настольные игры издательства Hobby World; Love pub; Google Россия; У Жукова; Виктор Пелевин; GaGa.ru – настольные игры; Нейромонах Феофан | Neuromonakh Feofan; Acoola Kids; Черный список | Смоленск; Азбука - Графические романы. Комиксы. Манга; Туры в Карелию из СПб, экскурсии. КарелияГид; Беседы ВК | Чаты Знакомств.; Василий Анохин; Атипичный геймер | Игры, арт, косплей, юмор; Былинный Берег; МДС; Болото троглодитов; Дмитрий Юрьевич (goblin) Пучков ППГ; Барахолка настольных игр || БНИ; Альф. Alf. Все серии, цитаты.; Midjourney — арты от нейросети; Игровед - интернет-магазин настольных игр!; Кирпичи; TABASCO®; Xander Toons. Сова - эффективный менеджер©; Crowd Games. Издательство настольных игр",
м,,Москва,World of History; HistoryPorn; Arzamas; Naked Science; Академический рисунок; Лабиринт; СОВЕТСКИЙ ЭКРАН; Журнал «Нож»; Cinemaholics; Бесплатные шрифты; Кинокультура; Art Traffic. Культура. Искусство; Пленкография; Φ ι λ ο σ ο φ ί α; E:\music\; education; f/64; Академическая Скульптура; Академическая Живопись; Скетчбук; Советские мультфильмы; ФИЛОСОФИЯ | НАУКА | КУЛЬТУРА; Artzoom. Искусство в деталях.; Студия Феникс; Английский онлайн с Lingualeo.com; Секира Лектора; JAGO | КОМИКСЫ; Академическая живопись; Короткометражки | Мультфильмы; Easy Paint Tool SAI; Иноекино; #mashup; Альбом; Эра VHS. Фильмы VHS. Переводы VHS.; CONCEPT ART; Лазарев С. Н. Любовь как состояние; Нерекомендуемое Кино; Шикимори; Искусство книжной графики и иллюстрации; НАЗАД В 90-е и 00-е,дизайнер
м,,Санкт-Петербург,NR; БАВАРИЯ | ВИНТАЖ; LA PLANTE; № - Новости Дня; Hype Fighting Championship; 5 лучших фильмов; Литературная гостиная; кайдãн; BLACK HUMOR; Р А С Е Я Н С Т В О; VODNY; Levsha; @krasnayaplaneta; Шмара Records; KAPELLMAISTER; МЩНК; Ctoto_tipo_sekonda; Юмор Шрёдингера; Концептуальный вандализм | КВ; Вся творческая работа. Event hunter. Петербург; РЭП ТЕАТР; ЧБД; HUGO LOUD; Midjourney — арты от нейросети; HIP-HOP ONE LOVE; лефортово.; ★ Weed Girls ★; Музей современного искусства АРТМУЗА; Vandrouki | Путешествия почти бесплатно (RU); HistoryPorn; NB / НОВЫЕ БИТЫ,
ж,,,,
ж,,Москва,"Такая себе биология; Щёлочь; Историк Мод; околоинтеллектуальные мемы; Галина Тоторина; VK Музыка; Чердак; Midjourney :: Нейросеть воображения; Неинтересный пересказ; Лепрозорий; ИСТОРИЯ МОДЫ; Стилист Мария Шеди; Posterino | искусство плаката; mozhnopokoroche; поле; Мельница Червова; Карина Мейханаджян; АБКР: о брендинге в России; Книги; Сила; Рllsll — графический дизайн; История одного шедевра; МОДА|СТИЛЬ|КРАСОТА| Dress up; Design Prosmotr; ALEKSCURL | Алекс про кудрявый метод; Бехайнсер | Дизайн; Midjourney — арты от нейросети; Оди. Журнал о дизайне; Akreksfit | Анастасия Крекова тренер, мотиватор; Design - канал для дизайнеров; Kaïl Prof – французский с комиком; Другая Музыка; Фейсфитнес | Гимнастика для лица | Софи Шайн; ART; kakrodnoy | школа английского; Смотри, что я нашел на AliExpress; [кАк)проект / Журнал КАК; Дизайн-кабак; Новые шрифты; Афиша",
ж,14.7.1984,Челябинск,"Чёрное&Белое Магнитогорск; База вопросов игры Что? Где? Когда?; А.Л. Текслер, ПОМОГИ!!!; ПОДСЛУШАНО ЮЖНОУРАЛЬСК; Челябинский транспорт; Вопросы программы ""Своя игра""; 4 ЛАПЫ Животные Магнитогорск. Потеряшка & Отдам; Инцидент Миасс; Копейск  | Новости; Подслушано ЧМЗ (Official); ПОДСЛУШАНО B ЧЕЛЯБИНСКЕ; Подслушано Копейск; ЧП / ДТП Златоуст; Подслушано Троицк; Подслушано в Озёрске; Вопросы Что? Где? Когда?; Подслушано Катав-Ивановск; Академ Риверсайд | Челябинск Сити | Соседи; Подслушано Касли; Регион 74 | Южный Урал и Челябинск; ОНДиПР по Сосновскому району; Подслушано (Магнитогорск); Новости Магнитогорска Верстов.Инфо; Наш Регион Троицк; ЧП | ДТП Челябинск; Типичный Чебаркуль; ЧП Миасс; Подслушано «Плодушка» Ленинский район; ЧП Миасс-Чебаркуль; Mash | Мэш; Чем живет Коркино; Чрезвычайное происшествие | ЧП | Челябинск; На дорогах Магнитки! (Магнитогорск); Подслушано Ленинский район Челябинск; Мамы, Мамочки Челябинска; Пусть Котова знает!; Подслушано | Златоуст; Челябинск online; Подслушано|Еткульский район; Изнанка Челябинска",
ж,,Киров,,
м,,Пермь,ЧП ДТП Пермь; Пермь Активная; Хабр; Кинопоиск; Properm.ru — новости Перми и края; Импроком; Группа КИНО; Nature Science; Dream Cast; Торты на заказ Добрянка; Подслушано в Добрянке [16+]; Playstation Plus Deluxe | Турция; [BadComedian]; Habrahabr | Хабрахабр | Habr | Хабр - fun page; PlayХит | PlayStation Store; УРАЛОВЕД ☼ Урал • Краеведение • Туризм; Сарказм; PS Store Турция | PS5 | PS4 | PlayStation; Время - вперёд!; Другая фотография; на дальней станции сойду; Музейный комплекс; Анна Ураева; Playstation Store PS Турция | TurkyWay; Художник Nastya Kulakovskaya (Drakonoart); Zivert; TYxCΛ; 1C программист; Намалевич; СПЕКТР; Правила жизни; Фотография - обработка фото - нейрофото; The Witcher[HUB] Новости по Ведьмаку; GeekBrains; RADIO TAPOK; Infogra.ru — Лучшее для дизайнера; Duran; Eda.ru; Игорь Губерман; Типичный Велосипедист [ТВ],Системный Администратор; Программист 1С; Ведущий программист; Старший разработчик 1С; Ведущий разработчик 1С
ж,,,,
м,,Севастополь,"Champions Family; Смотри, что я нашел на AliExpress; ПОДСЛУШАНО В СЕВАСТОПОЛЕ; Илья Варламов; Блог Александра Иванова: инвестиции с умом; Шедевры рекламы; Автоподбор от ""Fog Expert""  Крым, Севастополь.; ""ЭКО-ПИК"" сеть мясных магазинов; Figma; ИЗ КРЫМА С ЛЮБОВЬЮ; TRUE GYM MMA | UFC; Работа для дизайнеров: вакансии и заказы; Лепра; journal minimalism; Крым – Полуостров сокровищ!; ВК «Зенит-Казань»; Пляж ""Серебряный"", Севастополь, Балаклава, Крым.; Объявления Севастополя; Midjourney — арты от нейросети; Артемий Лебедев; Клуб Путешественников Туризм|Рыбалка|Охота; Hardcore Running; 8 из 10ти; Десигн; Мир Дизайна; HistoryPorn; Другой Севастополь; Вячеслав Красильников: официальный фан-клуб; Alexey Bychkov: Дизайн и фриланс; ЗАКАЗ НА ДИЗАЙН: заказать сайт, логотип, фриланс; Лучшие фотографы и модели; ADME; Russian Traveler; СПОРТИВНАЯ МЕДИЦИНА. ОРТОПЕДИЯ. РЕАБИЛИТАЦИЯ; Чубакка; Indie Rock Universe; Radio ROKS; Алкоголик; Единорог; Другая Музыка",
м,,Псков,,
м,10.5.1992,,Мемуары ценителей научных мемов; BMF; контур гуся; Жирен и красив; мы вам перезвоним; Comics King; IT FOLLOWS; Кеды Кастанеды; Котизм; Теренс Маккенна  /  Terence McKenna; Карлос Кастанеда | Самопознание; веские поводы бросить универ; Вижу рифмы; Книжная полка; Архив эскизов для тату.; Тату Краснодар | Wolfberry Tattoo; Нейрокульт; Книга животных; 5 интересных фактов; HistoryPorn; oo11d; E D I F Y; Art and Soul; Cyberpunk | Art; Blender Art; Underground Art; Midjourney — арты от нейросети; Путь воина. Ты можешь всё; Бульба; Saturation; Английский язык; The Adventure Begins; Борщ по-буддийски; В кислоте да не в обиде; ПОДСОЗНАНИЕ | Развитие личности; zabor,
ж,,,"Газпром газораспределение Смоленск; Важное в Смоленске; Подслушано Смоленск; Черный список | Смоленск; Отель Holiday Inn 4* Калининград; Газпром межрегионгаз Рязань; Едем в Калининград; fashionista; Подслушано ВДГО; SVOY LOFT; Пижамы, одежда для дома  от Кимоно; Лентач; Just English; РЯЗАНЬГОРГАЗ; Церебро Таргет | продвижение и реклама бизнеса; Спорт в Смоленске Z; Газ для России; Отель Obolensky | Оболенский; Вести-Смоленск; Мобильная фотография; Студия йоги VMECTE | СМОЛЕНСК; Клуб Газовиков; Wow Реклама | Маркетинг; Fitness Life; Василий Анохин; Жирен и красив; Лепра; Удобный Смоленск; Министерство ЖКХ и энергетики Смоленской области; V Λ C U U M; Академическое Искусство; ИСКУССТВО НЕ ДЛЯ ЧАЙНИКОВ; B A R O Q U E; ООО «Газпром трансгаз Санкт-Петербург»; Вергилий; СВОЯ ПОЛКА | аренда полок | СМОЛЕНСК; М.Видео; диссертация ВКР Дипломы Курсовые Антиплагиат; neon files; Тинькофф",
м,19.6.1989,,"Тихий уголок; ЗШ; Закрома; котики228; ПАЦАНЫ И ЧАЙ; Добрячки!; animal memes; PostMem; Такой разный КОСПЛЕЙ; Федя Кот Вконтакте; Япония Japan 日本  Взгляд Изнутри; Ъуъ; С Юмором; НАЗАД В 90-е и 00-е; Санкт-Петербург и  область - север; с днем поздравляющих животных; MDK; Двач; пикчи на все случаи жизни; Твой НейроКотик; картинки с Neco-Arc; паблик для работников 5/2; MDK Петербург; Vintage Retro Pictures; Такояки | たこやき; UNUSUAL MEMES; PRO ЮМОР / БАЯН; Природа | Nature; MIDJOURNEY BOT (Нейросеть); Толстые коты и цитаты о любви; Школа хобби и ремесла ""Труду"" (TrueDO); FrrFrrHouse; Red Head Sound — Перевод и Озвучивание; Пикчи и мемы с котами; Lost Light; На Случай Важных Переговоров; жопичи; GAMETOUR; БОРЩ; КОТЫ И МЕТАЛ",
м,30.8.1981,Москва,"Rakadang Jahuka; Asian Sexy Girl; Car Hub; Naked Movie; Битвы животных | WILDLIFE; Mr. Pinhole; Stand Up Central | Стендап Централ; Гурам Амарян; Chop-Chop; HellaGoodPhotos; Apple blog; VAVAN; ВИДОСИКИ; luxury bag | сумки оптом | Садовод 23-23; zhenatnamarine; Юлия Барановская; Визуальная философия; Bronze; IVLEV CHEF; Кожаные рюкзаки российского бренда - ""Рюкзак""; Всратые коты; ALI.Y; Озвучки Rumble; Community Lunar Dolphins; Nature Science; Комьюнити; МОТО; Вездеходы; Книга животных; HOHORO | Сеть кофеен самообслуживания; Need For Deep™; СИЛА МЫСЛИ; Сам Себе Автомеханик; Geely Санрайз Групп; шлакоблокунь и друзья; N U D I T É; Кинохит; пёсы; Пленкография; Gudim.",
м,23.3.1988,Новосибирск,"ВОЕННЫЙ ОБОЗРЕВАТЕЛЬ; Русский маркетинг; Андрей Захарян | Официальная группа; TexTerra; Артемий Лебедев; СВЕРХДЕРЖАВА; Церебро Таргет | продвижение и реклама бизнеса; Эндуро Барахолка; Медиториум | обучение по медитациям; Автоаксессуары SKYWAY; Chopper Motorcycle; Дальняк.рф™; Барахолка BMW. Мотоциклы, Запчасти и Услуги .; DanceBike - МотоЭкип Б/У; Битва с боссом каждый день; •СВИН АНАРХИИ• 1% moto-news; Midjourney — арты от нейросети; Сервис продвижения товаров на Wildberries и Ozon; Ван Гог за тушёнку; Добрые мемы : ); кокои ты зоголовок; Мы живем в Железке и Заельцовке; KTM 7\8\950\990\1050\1090\1190\1290 Adventure; Константин Исаев | Киножурналист; [BadComedian]; AliExpress для мужиков; Эндуро клуб (тот самый); 9GAG; ENDURO bazzar; Aliexpress для Байкеров; Проекты  Андрея Парабеллума; Cossa; Тинькофф; ВКонтакте; Мото-Сток; СТК Сибиряк; Добавленная Стоимость - Нужно Больше Золота; Лазарев С. Н. Любовь как состояние; ШКЯ (шутки, кайф, яшперица); Ложь пабликов ВК | ЛПВК",
ж,,Санкт-Петербург,"Midjourney — арты от нейросети; Новости Сестрорецка; СУР AI BOT Stable Diffusion - Нейросети; Высокая мода; Шедевры рекламы; Пирожковая; НОЧЬ; Словарный запас; Виктор Пелевин; Практика SMM 3.0; World of History; MOTOR | Автомобили и ДТП; Toma Fatalieva; Английский язык.; ВКонтакте для бизнеса; Виктор Пелевин; MUJUICE; Дзен; Imaginary World; МИКРОКОСМОС / MICROCOSMOS - Chillout; Современное искусство; WAVES; F Λ S H I O N I S M; Фотостудия SKYPOINT STUDIO; ШАФИРОV; SOLE FM|ФОТОГРАФЫ МИРА; Фотограф в Доминикане; TANN Model Management / модельное агентство; Маркетинг головного мозга - SMMhero.com; Рената Литвинова; E:\music\Ambient; Книги; Феминистки. Феминизм.; Daily Vibes; Купить | продать группу, куплю паблик ВКонтакте; Dj Arbatsky; "" 02:30 ""; Sigur Rós; || Книжные черви || Литература ● Книги ● Стихи; Игорь Губерман",
м,,Нижний Новгород,"Electric Lines / Электрические Линии; Афиша Нашего Города Нижний Новгород; ИКVР / ИКАР; Типография НРЛ; Говорит Горький – Клуб; Школа дизайна НИУ ВШЭ — Нижний Новгород; Vечное Lето (VL Records); ALESSA; ЦЕХ; Нижний Новгород: события; PSD | Дизайн-пространство; МБДОУ ""Детский сад № 161""; TAGO)))MAGO))); Учебник дизайнера; New Open Showcase Festival; Intelligent design; Midjourney — арты от нейросети; Ремские Компьютеры; Jawsspot Нижний Новгород; Magazine Design | Дизайн; Нижний 800; E.squire; Velvet Noir; Indie Music; Пикник «Афиши»; marmak; RUINDI; КИНОГОЛИЗМ; sfjsfgtgendgnsdgndgn; Афиша; PUNK YOU BRANDS; WHO•INDIE; Новые Альбомы; The Village; MIDNIGHT JUGGERNAUTS; TESLA BOY; Сочно о дизайне — графический дизайн и обучение; [CТРAHИЦУ]-KAK ВZLOMATЬ ВКОНТАКТЕ-ИНСТАГРАМ-[BК]; Tame Impala; The Tapeaters",
м,,Ижевск,,
м,,Дзержинск,Хвастаюсь телом; ANTI-PARTY!; Анекдоты категории Б; ГУДТАЙМС CREW; № - Новости Дня; MDCORE - Mad Deer: Core Releases; Нижний Новгород |БЕЗ ЦЕНЗУРЫ|; Наука и Техника; Художники; Random Art; Школа Parkourcity; Infornal FuckЪ; XS PROJECT; MAXIM; null; эстетика отвратительного; «Радио «Зенит» 89.7 FM; Маша и Медведи               +7 915 155 66 00; :D Видео Comedy Club HD; CS20 Автозапчасти; Looney Tunes (Весёлые Мелодии); Тени Свободы; На злобу дня; Фестиваль Татуировки; КОЛПИНСКАЯ МЕБЕЛЬ ПО ИНДИВИДУАЛЬНОМУ ПРОЕКТУ; БОРЩ; VK Україна; Parkour News; Adobe Россия; За рулем | Официальное сообщество; ***нЕфОрМаЛы НиЖнЕгО НоВгОрОДа***; БАМБУК / Сити Банкет-Холл /vip-зал/city.dzr; shit vicious хрю_SINCE 2007; Статус в Mail.Ru агенте и ICQ; Русская Сторона Реальности; Влад Медведь. поэт :); MARVEL/DC; Tattoo Artist; PYRAMID H8; Вики-разметка / SMM ВКонтакте,
ж,,Москва,,
м,,Тюмень,"Битвы животных | WILDLIFE; ЧС Тюмень; Наташа всё подняла — книги Натали Московских; Приложение Хаос-контроль; Подслушано Богандинский \ Тюмень; Хроники упадка; АЛИНА В ТЕМЕ; TheDRZJ- ОТРЯД ПОСТ-ИРОНИСТОВ ВНУТРИ; Атеист; Вижу рифмы; Домашний обзор; Штаб Кальянов | Тюмень; Нетослово#; Байки из ямба; Приют поэта; Богандинский на связи  | Тюмень; Тюмень; Netflix | Сериалы Фильмы; Подслушано | Богандинский; БАРАХОЛКА IQOS ТЮМЕНЬ!; Стихи Алексея Хазанского; Виктор Пелевин; GLAFI - World of Tanks Blitz; Нейрофотки Midjourney BOT; ЧП Тюмень; Grammar Nation; Just Story; Жуткое | Ужасы; PlayStation Store Turkey 72 | Игры, подписки; Депрессяшки; Тюменский район; Нейромашина; Ностальгия СССР | Тюменская область; Инцидент Тюмень; Афиша Тюмень | События Акции Скидки; ОЛЕГ; Тюмень Онлайн; Midjourney — арты от нейросети; ЯМБЫ СОЗНАНИЯ; ~ Главный герой - Писатель ~",
ж,,Санкт-Петербург,,
ж,,,"Вся Соционика | Поисковик; Клуб Соционических Бесед; Психософия с Йумором; Witch Diaries; caritia aeternitas.; OWL.PALETTE | окрашивание волос Москва; journal esthétique; Home; Французский летчик; Злой Психолог; popcorn grains; LUTAVIERJE / NA KUPALLIE; радоваться; luminescence; уроки теплоты; О, я от призраков больна; World of WarCraft: Classic; room goals.; Соционика_nahuy; Гексли к Габену; To be better. Психология и саморазвитие; Albertina; PSY.WEB; COME HOME; Понятная соционика; Grammar Nation; Пикабу; PLEASANT MOMENT; FemVisually; Woman's kingdom; Отказала модная железа; все psy попадают в рай; ╬● Dark InspiratioN ●╬; archetypes of gods and goddesses  ӏ архетипы; Типичный Психонавт; Тёмный Уголок; A L M E R I A; Hygge ★ Cozy ✩ Уют ★ Хюгге; Странный юмор™; Уютный Мир ♡ Уголок для Души",
м,16.8.1989,,,
м,,Москва,,
м,,Москва,,
м,,Севастополь,"Пикантная Правда; Manacost Hearthstone | Хартстоун; Доставка роллов и пиццы «Суши Фронт»; СУПЕРТЯЖ | Шаурма и кофе Севастополь; ЗШ; DigitalRazor; СУПЕРТЯЖ| Доставка Севастополь; StickerNews | Стикеры ВК; МХК; Черный список СЕВАСТОПОЛЬ; Лентач; Tony's Art; E.squire; Limoncini | Гастробистро | Севастополь; Figma; Подслушали; Лента.ру; Лола Пицца Севастополь; BlizzGame || И немного Рунтерры с miHoYo; ПОДСЛУШАНО В СЕВАСТОПОЛЕ; Словарная лента; Шедевры рекламы; Киномания - Лучшие фильмы; Пусть Поедят | Обзоры в Эфире; Midjourney — арты от нейросети; Р А С Е Я Н С Т В О; МЕМЫ; Доставка суши | пицца | Севастополь ""Хочу Суши""; ХОЧУКА Севастополь • Доставка Суши, Роллов; Дрибл; Это Интересно! Наука Gif Гиф; Smart - умный журнал!; Фитнес Рецепты — правильное и здоровое питание; Десигн; CONCEPT ART; Чебуречная в Балаклаве; MAD RABBIT; World of Warcraft: Dragonflight; БОРЩ; VK Україна",
ж,14.12.1990,Саратов,"PRAYFORSEX; Между нами, женщинами; Новинки кино; Библиотека программиста; Viktor Viden — Шедеврирование стен; LOOK OF YOUNG; Science|Наука; ХК «Альтернатива»; Better than yesterday; Таня Компаненко; Карл на Марсе; Just do it; Достойные фильмы; Neoflex; Midjourney — арты от нейросети; Афиша. Саратов; Властелин колец: Битва воинств; Just Art; Идеи дизайна интерьера; I ♡ ART; mimi; Квартирный Вопрос; MILLZ KARTA; Tanibeloved про Дом Уют Шопинг; mimi KIDS; Котий; Уникальный Дизайн; Тяжелый дым | Холодные фонтаны| Cаратов; QA Club Сообщество тестировщиков Тестирование ПО; Fototips.ru — журнал о фотографии; Это жизнь!..; Фотошоп бесплатно! Наш Монтаж; ===================== ★ ITCH∙EUPHORIA [ photographer photography свадебный фотограф ================; Lunnii kotik -- фотограф Аня Аксенова; Новинки Музыки 2024; Prosto; SERVODROID.RU-РОБОТОТЕХНИКА; Александр Киселев; JAN OSIPYAN | ЖАН ОСИПЯН; blanked",
м,,Киев,"Midjourney — арты от нейросети; Traveler's blog; Интерьер; Albertina; Epic Design; Десигн; UX Live; Советский дизайн; Я — дизайнер продуктов; Эзотерика; Джидду Кришнамурти; Coursery Design; ЦУКЛИНГ; Законы Счастливой жизни | Торсунов Олег; Рами Блект; Берёзка; Память; Logofolio | Дизайн логотипов; Дрибл; Бесплатные шрифты; Русская смерть; Design Prosmotr; Амир Исламов PRO веб-дизайн и фриланс.; Этичный бизнес и фриланс, удаленная работа; удар по iStore; E:\music\trip-hop; ॐ नमः शिवाय; hh.ru: работа есть всегда; ОМ; E:\music\dark ambient; Random Art; Ленивый День; SBBS aka BRUTAL PiT/BLACK MARКЕT FAMILY/OD/UA; Фильмы о субкультурах | Films About Subcultures; NEW WAVE OF; #Инфографика в примерах; Фридрих Ницше; E:\music\post; Design Hunters — вакансии для дизайнеров; NESIZE",
м,,Москва,,
ж,17.3.1978,,"РО ООО ""ТВОРЧЕСКИЙ СОЮЗ ХУДОЖНИКОВ РОССИИ"" по СО; forest rain.; Самарское художественное училище; Своими руками. Новинки; Институт профессионального образования СамГМУ; Опен Коллс; Типичный творческий; Семейная творческая мастерская ""ПОРТРЕТ""; Психоделия по-советски; Midjourney — арты от нейросети; Московский Дом Художника; потребительский  акционизм; Антон Павлович Чехов; CGF; АРТ искусство; пластическая Åнатомия; Алексей Фёдорович Лосев; Современное искусство; Art Traffic. Культура. Искусство; Cinemaholics; Polotno; Книги; примитив; Классическая музыка/Classical music/; Спортивно-туристический клуб ""ВелоСамара""; Новые Альбомы; ПАСАДЕНА; Короткометражные фильмы | Короткий метр; Артнаграда. Конкурсы, премии, гранты; English Page; Блог CG; Пирожки +; Фридерик Шопен | Frédéric Chopin; Рllsll — графический дизайн; cinéma insolite; Блок Александр Александрович; Пушкин Александр Сергеевич; Винтаж; Это Питер, детка! [Типичный Питер]; Культура & Искусство",Дизайнер-иллюстратор; Дизайнер; Дизайнер-иллюстратор; Художник 2D; Инженер компьютерной графики; Художник-дизайнер; Дизайнер
м,30.1.1991,Москва,[BadComedian]; Эстетика ебеней; Гаснут Огни; Панельки; This Film Does Not Exist | Midjourney & DALL‑E; ANOIR; Midjourney — арты от нейросети; Саймон Столенхаг | Simon Stalenhag; E.lementaL; Юнона - космический аппарат,
м,13.1.2009,Кемерово,,
м,,Королёв,,
ж,,Омск,"Уроки фотошоп | Дизайн | Инфографика; Черничный паблик; Design Prosmotr; Академия; Шамиль Ахмадуллин; Вакансии для дизайнеров фриланс; Aquarelle Wings - акварель ручной работы; Бесплатные Уроки Рисования | Арт Марафоны Курсы; в маленькой книжке; 5 красок - бумага для акварели; Радим | Дизайн и Маркетинг; Блог Евгения Демьянова; Кисти Альбатрос | Товары для художников; Anynettoys; Все конкурсы, гранты, стипендии, вакансии 2024; Mobee Art | Материалы для творчества; Infogra.ru — Лучшее для дизайнера; Шрифтотека; Логомашина учит; CG Ресурсы; Kaino university; Школа «Лин Дизайн»; Дизайн пространство | Конкурсы, батлы; Уроки фотографии; ZeroPS | Учебники Digital; Смешно до Слёз ツ; Школа продвижения дизайнеров Ксении Панюковой; Уроки и туториалы; PNG | PHOTOSHOP | IG+; Правила жизни; Денис Каримов / Трафик на Конверсию; ЗАКАЗ НА ДИЗАЙН: заказать сайт, логотип, фриланс; Текст сам себя не напишет; Пошаговый дизайн ногтей | Бесплатное обучение; ФИЛОСОФИЯ | НАУКА | КУЛЬТУРА; Удаленная работа; AI club (нейросети, ИИ, заработок с нейросетями); Forbes; Ретушь и дизайн | Басманов Максим; ДИЗАЙН АФИША: выставки,курсы,конкурсы дизайнеру",
м,16.4.1988,Самара,"Champions Cup | ФУТБОЛ; Подслушано | Самара; Мужская одежда и обувь Самара | ДИСКОНТ 63; ЧП САМАРА; № - Новости Дня; NR; ФК БАРСЕЛОНА ∞ FC BARCELONA; Самара Барахолка; Реальный Футбол; СИЛА; Честная Самара; Лена Лень • Тату Самара; АвтоБарахолка163 Самара Тольятти авто рынок; BN; КиноКайф - Лучшие фильмы; MDK; Новости Самары -  Самара life; Павел Воля; Самара попутчики; Mash | Мэш; МХК; StreamPub; D4; ТАСС; Орленок; Черный список Самара; check you; #MNOGOKROSS; Mercedes-Benz Society; UncleBjorn - Стримы; «На Стиле»-мужская одежда,обувь и аксессуары; Омар Хайям и другие великие философы; BOYS SAMARA; Красивые места Самары и области; HD Кино - Фильмы онлайн 2024; Raketa Shop | МУЖСКАЯ ОДЕЖДА САМАРА; Лучшее из сети; GabeStore; World of Warcraft: Dragonflight; Самара",
ж,14.12.1995,Москва,,
м,,Красноярск,Blender 3D; N + 1; Лентач; C-c-combo breaker; Сделай сам - своими руками; ГОСПОЖА КАЛАМБУР; CG Ресурсы; Инструментальная музыка; junior3d; Хабр; Всратые Лысые Коты; 3D ДЕГРАДИРОВАНИЕ | CG BLOG; Unreal Engine 4 / 5; Книга животных; Типичный программист; BRIGMAN; Промышленный предметный дизайн; INDUSTRIAL DESIGN; «Элементы»; Как в лучших домах Парижу; Gamedev suffering; Попуги :>; Отсталые в развитии коты; кибермодерн; Microbia; Zhe; Работа в геймдеве (вакансии); CGMGZN; velvet_cat_on_a_grave; Библиотека программиста; 0107 music; INDIE SPACE – площадка инди-разработчиков; FDRVNASTASIA; Программирование; Программирование ITmozg:; Droider.ru - Нескучный сайт о гаджетах; Duran; Пирожки +; Туристский Красноярск | Столбы | Ергаки | Байкал; Порошки,
м,,,,
ж,,Нижний Новгород,"Красивые места на Земле - Туризм - Путешествия; Kid's Cinema Club; Fjord | Скандинавия | Северная Европа; Grachev art; BasicDecor | Дизайнеры интерьера; Рукоделие | Вязание; ART studio. Художники; Школа фигурного катания ""ИСКРА"" НИЖНИЙ НОВГОРОД; Я нашел себя в пути; Академическая Скульптура; Парник/Цветы и растения/; Home.Forma Авторские предметы декора; Бохо | Творческий стиль; Творцы без тормозов; Прованс ֍ Интерьеры ֍ Дизайны ֍ Стили; Design School; Твой любимый  Scandinavian style; Креативный уголок.; Nesthome | Шторы | Мягкая мебель | Производство; Мировая Живопись; Горьковский Чан; Север в моей крови; buketvstekle - интерьерные гербарии; Парк «Швейцария» || Нижний Новгород; Lino Squirrel; iSchool: клад материалов для саморазвития; ""Тихий Дворик""; Мировая живопись; Академическая живопись; modern symbolisme art nouveau design; КЛУБ ОСОЗНАННЫХ И ЛЮБЯЩИХ РОДИТЕЛЕЙ-дети и семья; чай со вкусом коммунальной квартиры; KRAKATAU; Интересная планета - путешествия, туризм; АлоэВера; ADME; Арт-проекты, мастер-классы, обучение; RADIO TAPOK; Клуб Люмьер; ИЗ ГОРОДА В ДЕРЕВНЮ",
м,,Петрозаводск,,
м,,Симферополь,Как я встретил столбняк; Литература | Великие поэты; Идеи вашего дома; Интересные Факты; Золотые руки | Строительство и ремонт; Искусство реальности; Пятёрочка; МТС; Квартирный Вопрос; Smart Money | Бизнес журнал; Mash | Мэш; Прораб | Строительство и ремонт; Иллюзионист; Своими руками; Домашние хитрости | Гений креатива; VK Dota 2; Fairwind; Моя дача; ▲Выжить на сотку▲; Стартапы и бизнес; Traveler's blog; Apple; Play; Cybersport.ru; Лурк; The Nerd; Артемий Лебедев; Интересные штуки; Мобильная фотография; Amazing GoPro; Virtus.pro; Team Spirit; SlideshowArt; ПСИХОЛОГИЧЕСКИЙ ЖУРНАЛ; Концептуальный вандализм | КВ; Художественная Фотография; Чердак - крафтовые изделия из дерева; БИЗНЕС ИДЕИ; Вижу рифмы; JavaRush,
м,29.9.1956,Протвино,"ВКонтакте; Just English; Чижик; RADIO TAPOK; Сола Монова; Роскосмос; Страдающее Средневековье; Странный юмор™; красота народов мира; Curiosity-марсоход, Perseverance и другие; Мем дивижн; Книги - скачать, советы, литература; Русское географическое общество; Советские учебники; Заброшенные города мира; Лисы; Случайный Ренессанс; Author Today | Автор Тудей; Sci-Hub | Открытый доступ к научной информации; Реалистичные аниме арты; AllTime.ru; Палеонтология и эволюция биосферы; China Arts | Арты, AI, нейросеть; Цифровая история; Джио Россо; Всё как у зверей / Евгения Тимонова; Электронная историческая библиотека; Art for adults; White Box; RESPAWN Journal Ⓡ; Fantastic art; Cat_Cat; Inquizitor; Хранилище.Историческая литература.Книги.; Музей Будущего; Старая Книга; ФИНИСТА. ЧАСОДЕИ. ЛУНАСТРЫ. ЧАРОДОЛ; Терри Пратчетт - цитаты, книги, обсуждения.; Смелый Геолог; Midjourney — арты от нейросети",
м,25.3.1987,Новоаганск,"я живу в россии и мне не страшно; НАШЕ; The Prodigy; БЕЗРУКОВ; Живописность русских коммуналок; Телеканал 2х2; Книжный маньяк; Другая Философия; Жэньминь жибао онлайн | Новости Китая; Чердак - крафтовые изделия из дерева; 220 Вольт | Инструменты и садовая техника; Журнал «Нож»; Дзэн-Буддизм; Все конкурсы, гранты, стипендии, вакансии 2024; Moments of History; кто-то нарисовал; Русская смерть; Химия – Просто; Игорь Губерман; Магазины настольных игр Hobby Games; Вокруг света; Настольные игры издательства Hobby World; Бука; Научная Фантастика; Олдскул; Борис Гребенщиков; Виктор Пелевин; GaGa.ru – настольные игры; Sci-Hub | Открытый доступ к научной информации; Ботанический сад БИН РАН; Игорь Растеряев; Zubkov; Север | North; АЭРОСТАТ; Егор Летов и Гражданская Оборона; MUJUICE; Евгений Гришковец говорит и пишет жизненно...; Паровой журналъ |Стимпанк|Steampunk|; Alina Gingertail; Поехавшие Обложки",
м,,Санкт-Петербург,Я ♡ КИНО; ИМПЕРИЯ КИНО | ЧЕЛОВЕК-ПАУК | НОВИНКИ 2023; Популярная музыка; Шпильки | Женский Журнал; RECORD; Science|Наука; Знаете ли Вы?; Леонардо Давинчик - Знакомства; Fashion - мода и стиль; Омар Хайям и другие великие философы; Интересные факты; Школа ремонта; Мир Танков; Новинки кино; Без кота и жизнь не та ツ; Пикабу; Искусство реальности; РИА Новости; Дзен; Shadow Fight; Оружие Человечества; Шедевры рекламы; История|History; M O D A; Мужские мысли; Traveler - Путешествия и туризм; Мир красоты; По Фрейду; ИДЕИ; Warface; Кинолюбители - Лучшие фильмы; Здоровое тело. Мы за здоровый образ жизни; НОВИНКИ КИНО 2024 | ЛУЧШИЕ ФИЛЬМЫ; Лучшие мысли | Саморазвитие | Психология; Клуб Молодых Мам (КММ); ВКонтакте для бизнеса; КиноКайф - лучшее из мира кино!; Кот Учёный; Философия | Эзотерика | Психология; Циник,фотограф
м,30.5.1985,Ростов-на-Дону,Котизм; Котий; Ростов Главный — новости Ростова-на-Дону; RADIO TAPOK; Atomic Heart; Эстетика ебеней; RPG Geeks; Навигатор игрового мира; SCP Foundation; STEAMBUY.COM - продаём игры с 2011 года!; Free Steam; СОЛНЕЧНО -  добро и позитив; ПИРАТСКАЯ БУХТА; Reanimaция; Синие коты Рины Зенюк; Поехавшие Обложки; Орнитология. Птицы мира; Mecha Project; AP-PRO: Stalker; DOS4GW.EXE; WIN95.EXE™; Фан-клуб; The Retrowavers; 8-bit Folder; КИНАМАНИЯ - Территория ностальгии; Мифология Лавкрафта; Советское искусство 1970-1980-х; DENDY FOREVER!™; Midjourney — арты от нейросети; Heroes of Might & Magic III; Лакшери-Котакшери; MinecraftMain.Ru; Drum Pad Machine - Сообщество Битмейкеров; ЖК Суворовский Ростов-на-Дону официальная группа; Old Pixel - PlayStation 1 | PSone | PS1 Classic; Ростов-город; КИНО КЛАССИКА; Смута; SEGA MEGA DRIVE; Советские мозаики,
м,,Тюмень,"МУТАНТМОТОРСПОРТ; Киномания - Лучшие фильмы; ЧБД; Мизантроп; Барахолка БК | Тюмень | Авто; Школа Экстремального вождения | Тюмень; Студия Аналитики; LABELCOM; lol stuff; YUMMY | ВКУСНЫЕ РЕЦЕПТЫ; The Gentleman; Hardcore Fighting Championship; Fitness & Bodybuilding; Dota Today; Диски Колёса 4х100 4х98 Wheels Club рынок; ''ГрузГарант72""; WERIDE | Техническое превосходство; ЛИТВИН; BLACK PIKE Пакрафты | Гермоупаковка | Катамараны; Федерация волейбола Тюменской области; Боевая Классика; Midjourney — арты от нейросети; Боевая Классика Тюмень; DK PROduct; PROTOPOPOV PRODUCTION; Достойные фильмы; Амортизаторы Шишкин Workshop; Лепра; Халтура Тюмень | Работа; Тюмень: 72news. Новости Тюмени; Это НОВОСТИ!; ЧС Тюмень; Твое любимое кино; Бизнес цитатник | психология и саморазвитие; БИРЖА МЕМОВ; hh.ru: работа есть всегда; Халтура Тюмень | Работа; Forbes; анекдотов.net; Четкие Приколы",
м,,Kraków,,
м,,Краснознаменск,"Design Prosmotr; Полжизни я пропил, полжизни пропью; PSD | Дизайн-пространство; Behance; Рllsll — графический дизайн; Арт-посольство Супернова; Бехайнсер | Дизайн; Vandrouki | Путешествия почти бесплатно (RU); Оди. Журнал о дизайне; 60172824s; Школа Гранича; RB.RU | Медиа про бизнес и технологии; Типографика; Infogra.ru — Лучшее для дизайнера; Фриланс; 35mm; Posterino | искусство плаката; BRUSH.GURU | Делаем Творцов; Я — дизайнер продуктов; Coursery Design; Skillbox: образовательная платформа; Spark; Midjourney — арты от нейросети; Дрибл; Фриланс-биржа. Заказы; Школа цигун и кунг-фу Шаолиня Мастера Ши Янбина; Тинькофф; Sasha Swamp; Лапка художника; HALA VANDALA | ГРАФФИТИ ЖУРНАЛ; Бесплатные шрифты; Дизайн-кабак; Cards and care; Обучим Cinema 4D; Intelligent motors; Марат Сафин; Экспедиция ВОСХОД; UX Notes; Черно-Белый Краснодар; Temple of Design",
м,,Санкт-Петербург,"МоушенСтудия Videoдизайн; Кинотеатр / Фильмы 2024; Видео и анимационные открытки .; VideoHive AE, Premiere Pro, FCPX Проекты; Клуб пенсионеров; ЗОЯ ЯРОВИЦЫНА; Russian style stand-up; Секси-шрифт. Бесплатная кириллица; Животные г. Чайковский; Операторы и монтажеры | Работа МСК СПБ; Аренда коттеджей в Лен. обл. #ПятницаДом; Осторожно, новости!; Студия анимационного видео RT STUDIO; Kaino university; LABELSMART; Humor pub; Шаблоны для After Effects; Студия дизайна DALI; КиноКайф - Лучшие фильмы; Рожденные в СССР; ANABOLISM — спорт / ММА / фитнес; ХОХОТАЛО; Горящие туры. Путешествуй с TOP TRIPS.; Я АНИМАТОР!; Йоркширский терьер; Мой Йорк - Йоркширский терьер - Йорки; Клуб йоркширских терьеров «York Party»; Доход ONLINE Инфообзоры от Евгении.; Россия Сейчас; Пермь. Главное!; Твой Будень; ЗАКАЗ НА ДИЗАЙН: заказать сайт, логотип, фриланс; Ильнур Юсупов. Дневник золотоискателя; Алексей Максименко SMM Откровения; ★.★. ИНДИ ИГРЫ | INDIE GAMES .★.★; Wow Реклама | Маркетинг; ВКонтакте для бизнеса; ВКонтакте; HeroCraft; GameDev.ru — Разработка игр","Аниматор-видеомонтажер, можно в обратно направлении)"
ж,,Цимлянск,"Уроки фотошоп | Дизайн | Инфографика; Певица Валерия; Жизнь с Юмором; Измени свой образ; Новый стиль; Авторские и корпоративные туры Романа Капицы; Прямой эфир!; Черничный паблик; Мягкое сердце ღ Фонд заботы о вайшнавах; Nature Science; Дзен для авторов; Этичный бизнес и фриланс, удаленная работа; сливки дизайна; Всего лишь писатель; Дизайн насмотренность; Делай. Деньги.; Стартап. Начать с нуля и изменить мир!; Сумасшедший; Роман Шарафутдинов / Маркетинг и продажи; Бабкина мокрота; Мир наизнанку; По бартеру!; Собака бабака; Enjoy Kavkaz - туристический портал Кавказа; Типичный дизайнер (Original); BEAUTY365 - торгово-производственная компания; Бизнес; LIVE; Твой маркетинг с Jetpack; ЗАКАЗ НА ДИЗАЙН: заказать сайт, логотип, фриланс; МБОУ лицей №1 г. Цимлянска; Бизнес-идеи, инвестиции и кредиты; Клава Кока; SKY Дизайн страниц ВК; Ретушь и дизайн | Басманов Максим; ВКонтакте для бизнеса; Бухгалтерия.ру - всё для бухгалтера!; ВКонтакте; Веды Славян ☼; Фриланс | Удаленная Работа",Графический дизайнер
м,,Саратов,"Артемий Лебедев; Soundfields; ЗШ; 6 Σ Q U J 5; C Θ N C Ξ P T I C; MOTHERLAND; Алена Чайкина; Лентач; Р А С Е Я Н С Т В О; 8 bit ¦ art ¦ gif; Настоящий Лентач; HistoryPorn; ЮТУБЕР; THE ORLINES ORGANIZATION; 101 Wave Music; MRZLK; русский арт; Журнал ""Rare""; ПОПУТЧИКИ В ПУТЕШЕСТВИЕ; ☽ Drøm Skog ☾; ARTONCE; Bronze; Реализм кухонной раковины; CYBER.; клевые фото с ретро гаджетами; Подслушано в Наровчате; Ответошная; OTYKEN; Экселент; AR; Жизнь на удалёнке| Блог о путешествиях и рекламе; Подслушано Пугачёв; Джентльмен Club; Медвежий фарш EVIL and LIFE; Dj Twins; Uppermost; Панельки; САРАТОВ; СЛАВЬСЯ, УТРИШ! (VIVA LA UTRISH!); Серебряный Дождь",
м,,Выборг,,
м,15.3.1976,,"Нейросеть | Нейро Digital Арт | Fantasy Ai; Спортивный журнал «Бодибилдинг и Фитнес»; HAO; Нейросеть | ИИ | ChatGPT | Технологии; Нейросеть может; Эротика в фотографии и нейросетях; Midjourney | Нейро Джаггернаут; Lai; Midjourney — арты от нейросети; КРАСОТА ФИТОНЯШКИ фитнес спортивные девушки; Photo | NeuroNet; Simply + | Формула-1 | Plus; Тонкий мир А.М; Men's Space; КРАСОТА ФИТНЕС фитоняшки спортивные девушки; Новости RT на русском; Достойный народ; Зацени, что я нашел!; Иллюзионист; Документальные Фильмы BBC, Nat Geo,  Discovery; Simply Formula | Формула-1 | Автоспорт; ФТМ; Marina Nabokina; Среда обитания; Stanizlavsky - Формула 1 | Автоспорт; Подслушано в Ивантеевке; Эзотерика; 5 лучших фильмов; Формула 1 - САМЫЕ СЛИКИ; PLAYGIRL; Playboy Playmate - Вища ліга; Aurum; Be on Edge - автоспорт без границ; ♎  Научный клуб  PsyFi ☢; Заоблачные воспоминания; Жак Фреско | Jacque Fresco; AliExpress; Mezzo-Forte.ru; Фан-клуб Сергея Сироткина | Академия картинга; История Мидгард земли и  Славянства!",
ж,3.4.1990,,,
м,31.10.1991,Королёв,"Be on Edge - автоспорт без границ; Котизм; Анекдоты категории Б; Новости Чемпионата и Кубка России по ралли; Слоновый прыгунчик; KUPIKOD; Типичный невротичный (ТЫ); контур гуся; Кульtура 2000-х; опоссум каждый день; Red Head Sound — Перевод и Озвучивание; МеМы По ОсТрОвУ сОкРоВиЩ нА кАжДыЙ дЕнЬ; Капибары каждый день; анекдоты категории Б: избранное; Крокобизнес ($18+); BIRBS HUB; Федерация страйкбола России; Rozetked; Bistrovi; Постмодерновые топонимы!; Cynic Mansion; Страйкбольная барахолка. Москва и область; Кот гиф; Мобильная фотография; Пацанские хокку; Совиный Дом ВДНХ; Нейрофотки Midjourney BOT; stupidmadworld; еврейские анекдоты и мопсы; Попуги :>; Русская пустота; Азимов Учит | Наука и научная фантастика; Букашки; Лисы; RADIO TAPOK; Таверна ""Дядя Геральт""; Хабр; MILHISTORY|ВОЕННАЯ ИСТОРИЯ; Sabaton; FREAKY MIND (dark electro/techno-industrial)","Инженер, аналитик, технический писатель; Писатель"
м,,Кольцово,"Барахолка настольных игр || БНИ; ИвН News; Rusboardgame; SpaceX; Шляпа с полями; Печатаем сами! Stl, 3d, obj; 3D модели для 3D принтеров; Unique Units - Настольная игра; MIDJOURNEY BOT (Нейросеть); Creative dimension.; Барахолка настольных игр | GEEK MARKET | БНИ; Настольная Акула; Настольные игры от New Making Studio; Мы живём в Таиланде; S A R A M A; Geeks Empire; GaGa.ru – настольные игры; TANNY BUNNY каффы, авторские ювелирные украшения; Nastolio. Магазин-клуб настольных игр; Километры Ржавых Стен; Corner of Cosplay || Non Cosplay || 18+; Fun For Fan Board Games; Cut The Crap; Lavka Games Channel; Мир PlayStation | PS5 | PS4; Журнал Эротика; 3D ДЕГРАДИРОВАНИЕ | CG BLOG; ingamez | Гид по миру настольных игр; Подслушано Кольцово (Новосибирск); Shazoo; I ♡ ART; Скидки на настольные игры | Агрегатор BGS; Random Art; Anime - Dorohedoro / Дорохедоро; Обмен игр для PS\Xbox\NS в Новосибирске; Тут 3D | Blender | 3ds Max | Marmoset; CONCEPT ART; MSI CIS; 3d визуализация | Blog; chukcha — Бренд одежды",
ж,,Москва,,
м,,Санкт-Петербург,"ТО ""ЛисФильм""; Albertina; Санкт-Петербург Live; 78 | НОВОСТИ; Любимые ♥ Коломяги ♥; Психоделия по-советски; СВИНОЕ РЫЛО музей современного искусства; «МУЛЬТ ТОЧКА» cтудия анимации | Колтуши; Журнал «Сеанс»; Эстетика ебеней; HistoryPorn; FROM OUTER SPACE; [BadComedian]; Про:взгляд; Страница одного аниматора; Dead by Daylight; До свиданья, дорогая!; f/64; Атеист; Биология; Усы Пескова; Анимационный Институт Саши Дорогова; ▼KATABASIA▼; Лентач; Это Питер, детка! [Типичный Питер]; Liz_Lis; CONCEPT ART; Славный Воин | История | Оружие; Art Traffic. Культура. Искусство; Другое кино; Документалки; Ассоциация Анимационного Кино; Хаяо Миядзаки и лучшее аниме; ЧБД; Кафе «Огурцы»; ПСИХЕЯ; Кинопоиск; Фестиваль образовательного кино ВЗРОСЛЕЕМ ВМЕСТЕ; БУМФЕСТ • Фестиваль рисованных историй; БОРЩ",
м,,Вологда,Онлайн Вологда Попутчики; СМС приколы :D; Со смыслом; Just Art; Отрывки из книг. Библиотека знаний; МОИ РЕЦЕПТЫ; Comics Network; Чёртов гений; Amazing Art; Кина Будет; Just Comics; ВОП — о жизни Вологды; 18+ memes; Комиксы головного мозга; Френдзона; Коротко обо мне; Средневековье; Аниме Моменты; Аниме мемы; Цветущая сакура; Ёжики; Подскажите Вологда; Смейся до слёз :D; SUPERBLY; COLLAPSE; Рамбутан-Studio | Комиксы; Буквально; Заметки Люцифера; название потом заспойлерю; Я тебя хочу; Passion; Бумажный кораблик; Типичный Волшебник || Арты & фэнтези бот; СОВА; Работа в Вологде; Юмор Шрёдингера; Творческий соблазн; Говорит Вологда!; Интроверт; Книги,
м,1.1.1987,Кемерово,"ВКонтакте; Kate Mobile; AliExpress; Наука и факты | Что будет, если...?; Shadow Fight; Лентач; Лучшие мысли | Саморазвитие | Психология; Книги; Смотри, что я нашел на AliExpress; Команда Поддержки ВКонтакте; ЙОГА; I ♡ ART; Давай лучше дома посмотрим; НАШЕ; USA. США. Английский язык - Всё об Америке; Мантра; Фотошкола: объективно о главном; AliExpress для мужиков; RUSH B | CS:GO & CS2; The Grand Tour | TG Fan Club; Артемий Лебедев; Документальные Фильмы BBC, Nat Geo,  Discovery; Republic of Gamers CIS; Каста; Высокие Технологии | ВысТех; PZHWear. Russian Streetwear Brand; ПостНаука; 25/17 (группа); Лунный   Календарь; Культура.РФ; ВИНТАЖ; РЕМ ДИГГА; LF | Halo | Netflix | LostFilm; Эстетика ебеней; #ВКосмосе; VK Play; Бесплатные шрифты; Japan tumblr | Япония; Кроссовки - Maksimovich; Душевное Кино",
м,,Москва,"JAZZVE  Tunesbymates; МОДАРАМА; Гербарий; Психоделия по-советски; CODERED; Ван Гог за тушёнку; Концептуальный вандализм | КВ; E.squire; ГРАФФИТИ СОЮЗ; Промышленный предметный дизайн; ТЁРКА; Midjourney — арты от нейросети; каг`тавый; Бесплатные шрифты; FAKUNDO; Художник Ачитов Аркадий; MAD RABBIT; Thierry Tomas; Ворхол; VSRAP Community; ДЕЛО; JAZZVΞ; MIRELE; Soundfields; LOVANDA; Будни декоратора. Школа декора. Курсы флористики; Sechenov.com; SETKA MEDIA; Афиша; ХАЙПБИСТ; ORNAMENTALIKA; SUB URBZ; VALTA; ""литература  для архитекторов и дизайнеров""; Abstract; Зарабатывай robux; Save to Favorites ®; Simplex Noise; Feed Your Head; Salon De Musique",
ж,,Москва,"Мозговой Штурм; IQ - интеллектуальный журнал; Подслушано | Апрелевка; Студия красоты ""Бигуди"", Апрелевка.; Полный Бак; 1000 Идей маникюра | Дизайн ногтей; Psychology|Психология; Apple; Тату рай; Тысяча чертей, какая татуировка!; НОВОСТИ КИНО | ЗА КАДРОМ; Клуб Молодых Мам (КММ); КИНО И МУЗЫКА | Саундтреки к фильмам; Алексей Купин; Эскизы татуировок; Фильмы HD; NR; Вкратце | Москва!; Моя Москва; Интересные Факты; Бизнес креатив | С успехом по жизни; Легкие рецепты; Киномания - Лучшие фильмы; Почему?; ТАТУИРОВКИ | ЭСКИЗЫ; Science|Наука; Лайфхак - полезные советы и идеи для жизни!; Фильмы; 5 лучших фильмов; Омар Хайям и другие великие философы; Москва. Главное!; Техника для авто Hasvik; Москва Live; Невероятные факты; Мамочки Апрелевки!; Слова Великих людей; Детская Москва; Идеи дизайна интерьера; iTechnology | Наука и техника; Психология Злых Гениев",
ж,,Самара,Подслушано | Самара; Это факт.; ЧБД; Моя Стихия; Модели для фотографов Самара TFP; НОЧЬ; Алексей Жидковский; E.squire; Ищу модель Самара; Работа\Аренда для мастеров сферы красоты\ Самара; Диетические рецепты; LABELCOM; NR; Я ♡ КИНО; БОРЩ; #🅑🅡🅞🅦🅢🅔🅚🅣🅐 Типичный бровист Brow-Sekta; Фитнес Дома; LOOKBOOK; Тату и эскизы; Прически 2023; Midjourney — арты от нейросети; NEDOVOLNAYA; Нескучные рецепты; Читающие; ФРИК-БУТИК ™; DEEP SOUND; Rooftop-ресторан Sky Bar | Самара; Находки по отзывам Wildberries; Красивые места Самары и области; Идеи для дома - Дизайн интерьера; Объявления Самара. Барахолка Самара; Музыка для видео; Интерьер и декор; cтавь на play.; Неформальный AliExpress; Дизайн / интерьер / стиль  -  SmashDesign; Лепра; Типичный путешественник; Just do it; Новинки Музыки 2024 | Новая Музыка,
м,31.1.1990,Самара,"Лентач; ЧП | ДТП Казань; Библиотека проектировщика; Самара Город | Новости Самары; [BadComedian]; Грязный проектировщик; DWG ФОРМАТ | ПРОЕКТИРОВАНИЕ; Честная Самара; Сообщество инженеров; Cat_Cat; Суровый технарь; Всратый Warhammer; Midjourney; ДТП 163 Самара; Типичный Сисадмин; Чемпионат «Битва роботов»; Лурк; StillavinToday; Мото Самара; LUNDA; Компания ""БилдСофт сервис""; Интересные факты о странах мира; Midjourney — арты от нейросети; MS Excel Tips&Tricks; Инженерно-курсовые работы ТулГУ; Миралекс | Магазин инженерной сантехники; ПКБ ИТО; Sky Arch; Самарское Объединение Мотоциклистов ""СОМ""; Уроки Revit | Ревит; Экомёд из улья; «Медуза»; CusMos Atelier Custom Workshop.; Флэтхаус / Дома для современных людей; мото самара",
ж,,Москва,"Я ♡ КИНО; Киномания - Лучшие фильмы; VK Музыка; Шедевры кулинарии| Вкусные рецепты; Читающие; Книги; контур гуся; Идеи для дома - Дизайн интерьера; Комедии; Книги; veydi_rush; Vandrouki | Путешествия почти бесплатно (RU); Шустрый Повар; ▲Выжить на сотку▲; Эзотерика | психология, йога, саморазвитие; Сериалы | Слово пацана | Жизнь по вызову; КНИГИ; РЕЛЬЕФ /  фитнес / спорт / здоровье / питание; Книги | Литература | Саморазвитие; Моя Москва; Интересная Москва | События, Места, Афиша; Аренда в Москве сдам,сниму квартиру,комнату Мск; Умскул; Cinemaholics; ИСТОРИЯ МОДЫ; Смотрю, читаю; ВШОУБИЗЕ.РФ Кастинги Съемки Работа в шоу-бизнесе; Поезд Деда Мороза; Туры по цене перелета от Vandrouki; Science; ANTROPOGENEZ.RU: эволюция человека; Церебро Таргет | продвижение и реклама бизнеса; Новости вокруг света; Домашние рецепты. GIF и не ГИФ; Книги. Издательство АСТ; Книги для подростков | Young adult books; Обитель Лесной Ведьмы; Системно-векторная психология; Аренда в Москве сдам,сниму квартиру,комнату Мск; Callback API Бот",
м,21.10.1997,Москва,"Рифмы и Панчи; Картинки категории Б; Лентач; Это факт.; MDK; Русский маркетинг; Что сказал Баффет?; Настоящий Лентач; Brighton Beach; WARHOL; FTRM; РБК; Р А С Е Я Н С Т В О; la décadence; абстрактные мемы для элиты всех сортов | АМДЭВС; Raynow; LIBERTY | PEOPLE; МХК; Классический либерал | КЛ; Тёмный Уголок; STAN; 0107 music; Секрет Фирмы; не перепутай!; Нейрофотки Midjourney BOT; Мои любимые юморески; Подслушано – Здесь говорят о тебе; Новые песни; E:\music\; Маркетинг Реклама Бизнес; ХРУЩЁВКА АРТ; Бизнес Маркетинг; Случайный Ренессанс; Новые Альбомы; Чай, Тян и Гитарки; CLIQUE; Родной звук; Наука и Техника; Midjourney; Пикабу",
ж,,,,
м,11.2.1990,Омск,"Мужская Беседка; QR bar; Ужасы и Триллеры 2024 | Лучшие фильмы ужасов; Лепра; ACID LOVE; Шизотерика; ₳℟Ţ Ī₦ŠĨᗫĖ; Подземка; Темная сторона; Околотату; Лепрозорий; Мегамозг; ☽ ТЬМА ☾ - Готика ✭ Чёрно - белые Картины; Art of Depressive; Almost sad music | Почти грустная музыка; ""ГБ"" Гадкий Больной Юмор; Искусство реальности; Лурк; Что-то пошло не так!; Сарказм; НиФ | Новости и факты; Hype Art; WTF ?; Мужское Движение; Группа Небоходы; Стас Ай, Как Просто!; Письма без адреса; Бешеные Панды Умирают Стоя; ALPHA; Странный юмор; Татухи и цены.; Олдскул; эстетика отвратительного; РетриеМ; BAGIRA; жестоко и оригинально ©; ФИЛЬМЫ УЖАСОВ; Madstream Booking Agency; RADIO TAPOK; Мастерская украшений Дивия",
м,,Челябинск,"ОГБУК ЧГД ""Молодёжный театр""; Творцы без тормозов; Антонов такой Антонов; HistoryPorn; Nature Science; Современный театр; Психоделия по-советски; Философия Бардаша; Интересные факты о странах мира; Bronze; Просто и эстетично; Детектив в мире искусства; Прояснилось.; 120 лет зданию Народного дома; СВОИ; Ван Гог за тушёнку; Другая Музыка; Театр Место; ТанцКультура Челябинска; Акварельно; Indie Music; Точка сборки; Музей Молодёжного театра; VK Музыка Трамплин; Цветочки; stereoslon; Фонд содействия развитию Саткинского района; Челябинский Камерный Театр; РЕЖИССЕРАМ НУЖНЫ КОМПОЗИТОРЫ; «ЖИВОЙ ТЕАТР» ~ ЯРМАРКА ПЬЕС; NOMILIB: театральная видео-библиотека; E:\music\free folk; Фотопрокат Челябинск; Америка 1920-1930 гг.; CrowCrowd; Шоу-балет Бурлеск. Челябинск.; Работа в геймдеве (вакансии); Новые песни; Наш Челябинск; Театрум",Актёр; Актёр; Режиссёр
м,5.10.1983,Барнаул,"ТРЕТЬЯ МИРОВАЯ ВОЙНА; Mount Show с Даниелем Кайгермазовым; Пикабу; Подслушано Барнаул; Инцидент Барнаул; Юрий Подоляка | Мир Сегодня; Barnaul 22; Пикабу Познавательный; Red Head Sound — Перевод и Озвучивание; РУССКОЕ ОБОZРЕНИЕ || РОССИЯ || ПУТИН; Газета «СПЕЦНАЗ РОССИИ» и журнал «РАЗВЕДЧИКЪ»; РБК; Черный список Барнаул; Секрет Фирмы; База вопросов игры Что? Где? Когда?; Стартапы и бизнес; Wow Реклама | Маркетинг; SMMщики; CPAGRAM - Арбитраж трафика, маркетинг, smm; Безумные новости; НЕ ПОВЕРИШЬ!; Словарный запас; Шедевры рекламы; Знаете ли Вы?; Бизнес; E.squire; IGM; Загадки Эйнштейна; Skill; 6 sec; Лепра; Киномания ► Новинки кино; ★ АРМИЯ - Мужское сообщество №1; SMM секреты с Анастасией Юговой; Предприниматели нового поколения; Барнаульцы, Объединяйтесь!; КЛУБ ОСОЗНАННЫХ И ЛЮБЯЩИХ РОДИТЕЛЕЙ-дети и семья; ВЕЛИКАЯ РОССИЯ - ЭТУ СТРАНУ НЕ ПОБЕДИТЬ!; LIVE; Студенты АГАУ",
м,,Тольятти,"MRZLK; Brighton Beach; Илья Варламов; ПАСАДЕНА; Нейрофотки Midjourney BOT; Midjourney; мистика низкого сорта; PokerBay.ru - покерные наборы, фишки, карты!; Артемий Лебедев; Десигн; Midjourney — арты от нейросети; stationWagons; Eskapism (Ukrainian Atmospheric Black Metal); Интернетъ по-русски; Странная Планета / Strange Planet; Anton Avtoman; Нейромашина; нееет, ты что; Из доски | Деревянные изделия; коты ишачат на заводе; Это.; BeerFreak.org - язвительно-познавательно о пиве; Твоя подруга-сомелье; Wood Works Studios; Ashway; Магазин игрушек Datiko; DRIVE ROCK PARTY | ТОЛЬЯТТИ; SPC; Покерные Столы ( Производитель ); Электромонтаж; Загнивающий Запад; Станислав Крицюк; студия веб-дизайна MIND DESIGN; Fournier2818.ru - Профессиональные карты для пок; КАМИНЫ,СТОЛЕШНИЦЫ из камня Самара Тольятти",
м,,Санкт-Петербург,"Словарный запас; League of Legends; Что-то новое; League of Legends: Киберспорт; Поисковый отряд ""ЛизаАлерт"" Питер; Булджать Reborn. Видеоигры и около того.; Swipe Right; ТРЕДШОТ; iXBT.games; Vulgar esthetics; Математика – Просто | Алексей Савватеев; Кошки-Мышки| комикс; Hello, yes, this is Dog!; Oglaf/Оглаф для начинающих; ПЛЮМ: Элитный Резерв; Midjourney — арты от нейросети; GamerGate. From Russia with Love.; НЕ ШКОЛА БАРАБАНОВ • Санкт-Петербург; ▉ **♚--NHL--♚** ▉; ИТМЕМ; Геймдизайн для сочувствующих; Лонгплей; Институт Конфуция РГГУ; Манжеты ГД — Разработка игр, обзоры и геймдизайн; Between the bars; МотоСовет Санкт-Петербурга и Ленинградской обл.; Андрей Фурсов; ★Art, Films and Original Soundtracks★; Ледовые войны или весь хоккей здесь; Игра ""Золото Дикого запада""; КРАСНАЯ Лента; UPOROVNA КРАСИТ; Школа №7  FOREVER; Студенты, падаваны и друзья Константина Асмолова; = Chinese Metal =; 10.10.20 - Boloto: Urban Session; ROCK PRIVET -  Питер 12 октября; 9 марта - RockCellos: Рок-хиты на виолончелях!; ОТРЫВ: 17 июня игра-квест ""ГОРОД 017"" в Минске; Нежно",
м,,,,
ж,,Санкт-Петербург,,
м,11.7.1989,Нижний Новгород,"GeoGraft - пересадка волос в Москве; Замедленная съемка | Gif; Интересный Нижний Новгород | Новости; Хитрости жизни; Бизнес креатив | С успехом по жизни; Киномания - Лучшие фильмы; Лентач; Just Fountain; ПОТРАЧЕНО; Photoshop & Фотошоп. Воплоти мечты в реальность; Чёртов стыд; Нижний Новгород |БЕЗ ЦЕНЗУРЫ|; Шедевры рекламы; Advantage|умный журнал; Мужской рай; Хитрости жизни; Квартирный Вопрос; Киномания ► Новинки кино; Спортивные статьи | Fitness; Женские секретики; Смешно До Боли ツ; Космонавт; Автомобилист; Nature | Природа; Дневник Хача; Midjourney — арты от нейросети; Злой нижегородец; Пикабу; Всегда говори Да | Мотивация и вдохновение; КПТ Психолог Константин Трофимович; Фотошоп на заказ, Видеомонтаж; Зелёный  Слоник; Psychology|Психология; История Нижнего Новгорода; Поиск мастеров. Нижний Новгород; yssv; Fitness Gym — фитнес и бодибилдинг; БОРЩ; Идеальный ремонт; Полезное образование | Интеллектуариум",
м,,Калининград,"Места; Наука и Техника; Оранжевый паблик; Как не надо рисовать; Леонардо Давинчик - Знакомства; Типичный творческий; АРТ котики; Родной звук; Национальная платформа открытого образования; Биология; ВелоКатка Ваши велопоездки; Север в моей крови; Grintern; Природа мира; Русский маркетинг; Секретные вакансии | стажировки | волонтёрство; journal minimalism; Книги; Эстетика ебеней Калининграда; Bloom; Интересные вакансии. Москва; Another Architecture; ART BOX; Барбершоп ""БАТЯ"" | Мужские стрижки | Калининград; Убойный юмор; Painting Magic; Brighton Beach; Art & Fun; Это работает; Хуманизация / Humanization; Показалось; Русская пустота; Я должен там побывать!| Туризм | Путешествия; 3d визуализация | Blog; Easy English | Английский Легко; Искусство слова; Albertina; Royal Arts™; ""Как рисовать"" Александр Рыжкин; Случайный Ренессанс",CEO =P
ж,,Новосибирск,"Фотограф недвижимости и интерьеров  Новосибирск; АСТ-54; Инцидент Новосибирск; ВЕДОМОСТИ; INDUSTRIAL DESIGN; ApartsDream Новосибирск | Аренда жилья посуточно; Уроки фотографии; Фотографы Новосибирска; Типичный Новосибирск; HYGGEМАМА ✦ УЮТНЫЙ ПАБЛИК ✦ ЗИМА; ChikoRoko | Чико и Роко; ВКонтакте для бизнеса; Отдам Даром Новосибирск; Новосибирск|Новости|ЧП|Мамы|Бесплатный|Афиша; Тула online; Без кота и жизнь не та ツ; Trade Party; Фотограф Интерьеров Псков; Капля света. Домик-ночник, панелька-светильник; Фотобарахолка; Трейдер Сергей Атрощенко; Назойливая модель. Крутой фотограф; МБОУ СОШ №1; Блокчейн DecimalChain; Евгений Михеев | Инвестор | Фонд.рынок, крипта; Фотограф Екатерина Сергиенко. Новосибирск; AdsFlow | Контекстная реклама | Маркетинг; АРБИТРАЖ ТРАФИКА: с чего начать и как заработать; Midjourney — арты от нейросети; Больше, чем музыка. Осознание через музыку.; Investing.com Россия; Альфа-Форекс; Sony Alpha Russia; Метавселенные | NFT, CRYPTO, DROPS; Эстетика ебеней; Криптовалютная биржа CommEX; LOG CAPITAL; VK NFT HUB","Фотокорреспондент; Фотограф (свадебный, интерьерный, 3D-панорамный); Инженер по инвентаризации квартир; Экономист; Оператор; интерьерный фотограф"
м,,Брянск,,
м,,Санкт-Петербург,"Epic Design; Порнографические открытки(ия); Фильмы, которые мы так и не досмотрели; Типографика; cinéma insolite; Канонер | Как меняется Петербург; Десигн; Новая и новейшая живопись; OLDUSHKA модельное агентство; Учебник дизайнера; TERRA на Лесной; Art Traffic. Культура. Искусство; Кинокультура; Midjourney — арты от нейросети; artpub; Аренда в креативных кластерах; Норштейн-студия; НОВИНКИ КИНО 2024 | ЛУЧШИЕ ФИЛЬМЫ; Удаленка - вся творческая работа | фриланс; Петербургский гражданин; Поколение дворников и сторожей; Artocratia; Premium PSD | Вектор | JPG Бесплатно; ВОЛЬНЫЙ КРАЕВЕД; Бермуды | Bermoods; Сны в темной долине; Abstract expressionism; Тату студия ЛАБОРАТОРИУМ, Тату салон СПб.; Работа СПб в Санкт-Петербурге; Артнаграда. Конкурсы, премии, гранты; Авторская анимация; tutdesign.ru; творческие вакансии; Работа; Блог Николая Подосокорского; T A R K O V S K Y; Логомашина | дизайн логотипов и фирстилей; Виктор Пелевин; ВАКАНСИИ ДЛЯ ХОРОШИХ ЛЮДЕЙ; Awesome. Digital design.",
м,,Тюмень,,
ж,,Новосибирск,"HYGGEМАМА ✦ УЮТНЫЙ ПАБЛИК ✦ ЗИМА; Арбитражный суд Новосибирской области; Древний Рим: Res publica Romana; Стимпанк  мастерская TETRAGRAMMATON; ШОРТРИД. Юридический онлайн-журнал; Открой планету заново |  Путешествия по миру; Юрист Илья Глушко. Бизнес в эпоху Digital; Матч! Фигурное катание; Афиша Новосибирска; Уголок Дизайна; Секира Лектора; Правила жизни; Другая жизнь города N; Биржевик // Инвестиции, Акции, Облигации.; Национальная Ассоциация Пауэрлифтинга | НАП СФО; контур гуся; Северная Сказка; Ближе к Делу; Киномания - Лучшие фильмы; Петербург для души и тела: Культура,Туризм,Спорт; Эстетика Сибирских Ебеней; романтика городских окраин; Бизнес Инфо; Старый фонд / @maax_sf; Спектакли онлайн.; Инструментальная музыка; ANTROPOGENEZ.RU: эволюция человека; Биология; НГУЭУ (Новосибирская область); КОЛИБРИ ┃OFFICIAL VK; ИНМЭН НИУ ВШЭ; Химия – Просто; ШКЯ (шутки, кайф, яшперица); Журнал «Сеанс»; Книжные подборки; Предприниматели нового поколения; Классическая музыка/Classical music/; Правовой гид | Юридическая консультация; Новости для юриста от PPT.RU; «Этнодрам» – выездной центр барабанных событий",
м,13.4.1988,,"Арт-резиденция «Точка» г. Нягань; Департамент молодежной политики Югры; Молодёжный центр Нижневартовск; Арт резиденция «Ковчег»; СКАЗ ДИКИЙ – фестиваль молодых искусств | Алтай; Фонд Горчакова; Незабытые игры; ХРУЩЁВКА АРТ; Ответошная; Репортёр_НВ | ЮГРА; Лихие 90-е; HALA VANDALA | ГРАФФИТИ ЖУРНАЛ; Insanity gallery; ОколоТеатр; НеИгры: Warhammer, Варгеймы, Настолки; Строго по-Имперски (Warhammer 40000 & Star Wars); HEROES III MEME FUN CLUB; Николай Цискаридзе; Артемий Лебедев; Фонд президентских грантов; Иван Яковлевич Билибин; Пушкинская карта; Музей Упоротого Антиквариата; BOMMAN Stickers; Пушкинская карта; Новости Югры; Советские мозаики; Привет, сей час Нижневартовск; Вселенная Warhammer 40000; VK NFT HUB; Mecha Project; DOS4GW.EXE; Contex; Открытый регион - Югра; SUB URBZ; Искусство и культура; GRAFFITI ON GIRLS; BELARUSIAN GRAFFITI MAGAZINE; ARTEM NOZHIK; Unexplored",
м,,Ярославль,,
ж,17.8.1975,Санкт-Петербург,"Идеи дизайна интерьера; Маникюр | Ногти | Педикюр | 2024; Дизайн & Декор; Дом рукоделия. Handmade, дизайн и декор; Vandrouki | Путешествия почти бесплатно (RU); Интеллигенция; Квартирный вопрос | дизайн | интерьер | стиль; Певица Нюша / Nyusha; Это Питер, детка! [Типичный Питер]; Интересные идеи Handmade; Street Styler | мода; Свободная Жизнь | Эзотерика - Саморазвитие; Наша Молодость, истории нашего прошлого.; Мой сад - дачный советник; Литературный оргазм; Записки Любимой | Стихи; Фотошедевры; UFC; Фотошкола: объективно о главном; Stylebook; Ищу модель Москва; Современное искусство; Книги & Аудиокниги; Удачные идеи и не только.; VOGUE; Самый Смак; 24 NEWS; ЖЖ - Женский журнал; Журнал Burda; Новинки кино 2024 l Планета обезьян; Куда сходить в Питере бесплатно; Её Величество - ЖЕНЩИНА; Аренда дома на берегу СПб | Кемпинг Питер; 1001dress | Платья; Винтажная мода; ИДЕИ ДЛЯ ФОТО; METERA; Цитаты со смыслом из книг; Мой Сад и Дача | Огород | Загородный дом; Woman.ru",
м,21.1.1984,Краснодар,"ColdFilm.INK - перевод и озвучка сериалов; Nippon Game; Артемий Лебедев; Magazine Design | Дизайн; 35mm; Черное зеркало | Black Mirror; Cyberpunk Futurism; Бесплатные шрифты; Гаснут Огни; Я — дизайнер продуктов; Новые Альбомы; Типографика; Оди. Журнал о дизайне; Povar Mock-Ups | Mockup; Midjourney — арты от нейросети; Радио Рулетка; SECOND PILOTS 3D | VFX | SFX | MOTION; другое кино; Пирожки +; Design Hunters — вакансии для дизайнеров; Stickomize; B-MART | Натуральная кожа, инструмент, фурнитура; USE ME; deedz | Сообщество носителей компетенции; Степная сорока. Мастерская высокой печати; USELESS™; Funk Soul Jazz Hip-Hop; DESIGN BOOK | Учебник дизайнера интерьеров™; Городские проекты в Краснодаре; Кремниевая долина | Легендарный Квест; iSchool: клад материалов для саморазвития; Кулинария и гастрономия | HOW HESTON; LOGO BAKER вкусные логотипы; ΛЮΔИYМ; Мастерская ""Кузница сокровищ""; Alexey V. Mililian | Design Studio; 1000 дней осознанности; Design School; Крем-мёд Beengo!; Югополис",
м,,Москва,"Moscow Jazz Festival; DevOps; Мужской стиль | Мужская мода | Имидж | Стилист; W17; Moscow Raceway; Гаснут Огни; Midjourney — арты от нейросети; F1 MEMES TV; RaceRoom Россия; Anna Art; Хороший звук каждый день; Hot Buttered Soul; E:\music\IDM; E://Music/Funk; Салюты, Фейерверки в Пензе; Классическая музыка/Classical music/; MixMarketing - Комплексные решения; C Θ N C Ξ P T I C",
м,,Красноярск,"ЧП Красноярск; Лентач; Байки лаовая. Китай; Ольга Серябкина; TFP ТФП Красноярск  Модели и Фотографы; Тысяча чертей, какая татуировка!; Midjourney — арты от нейросети; Новые Альбомы; ЁП; NR; Mac Miller; Шедевры рекламы; E.squire; БОРЩ; Лепра; 2PAC; NBA 2K24: Турниры; CALIFORNIA ROCKSTAR; OGMusic; Fresh Electronic Music | EDM; Science|Наука; МЯСНАЯ ЛАВКА; Уютненькое Луркоморье | Lurkopub; 9GAG; Hip-Hop; REVUER MAGAZINE; RAP.RU; Больше, чем фото; Типичная Паттайя | Таиланд | Тайланд; NBA Новости; BORN TO BE WEAR; Сеть тренажерных комплексов Колизей; West Coast All-Stars; TechInsider; Art Way; *******BREAKS*****PEOPLE********; Random Art; Красивая музыкальная волна 2024; Daily Vibes; ExTerri Tuning  Оклейка пленками в Красноярске",
ж,,Montpellier,,
м,,Архангельск,,
м,,,"Центр путешественников | Красноярск; E.squire; PSD | Дизайн-пространство; Новые шрифты; I ♡ ART; Музторг; Десигн; Feathers Group | Физерс Групп; Лурк; Орленок; Design Prosmotr; Наш город Красноярск; Красноярск нашего детства ☭☭☭; Panda Art Café; 35mm; MDK; НГС.НОВОСТИ Красноярск; ХК ""Енисей""; Бесплатные psd-шаблоны для соц. сетей; Want Guitars | Подборка Ваших Лучших Объявлений; МАТЧ ТВ; Rock|Рок; Культура24; HistoryPorn; Регби на rugger.info; Правила жизни; Ярпиар; Рок, блюз, джаз; AliExpress для музыкантов; SUMATRA; NÖIRA; Афиша Красноярска: куда сходить?; Новые Альбомы; ФК «Енисей» | Красноярск; Бутиковые педали эффектов - Pedalzoo.ru; Jablog.ru - гитарный и окологитарный блог!; WILDWAYS; Маркетограф / Канал Павла Лебедева; Total Football; Adindex.ru",
ж,,,,
м,,,"Новинки кино; IQ - интеллектуальный журнал; Шедевры рекламы; Полезное образование | Интеллектуариум; НОВОСТИ КИНО | ЗА КАДРОМ; Смотри, что я узнал; Музыка для секса; Интересные Факты; Кладовая комиксов; По ходу разберёмся; Kawabanga: Обучение сноуборд и горные лыжи Уфа; Наука и Техника; Новые Фильмы И Сериалы; Eat Easy; Группа компаний iRuler.; История России; Space Inc | Факты о космосе; Forbes; Дзен; Нетипичный таксопарк; Midjourney — арты от нейросети; Бизнес клуб | Дело; красота народов мира; Почему?; Vine Video; Хитрости жизни; Церебро Таргет | продвижение и реклама бизнеса; Jump.Taxi | Cервис для управления таксопарком; Деревянные дома Баумхаус Baumhaus; VK.BARKOV.NET: поиск целевой аудитории ВКонтакте; Подслушано у таксистов; ЕКБ — мой город! | Екатеринбург; Я УЗБЕКИСТАН; Yan Dilan; Официальные страницы ВКонтакте; Creative Art; БРГИ №1 имени Рами Гарипова; Мир Discovery; Art Way; Гильдия",
ж,,Москва,,
м,31.5.1988,Тверь,ВКонтакте; Лепра; RECORD; Сбер; Пикабу; + 1 умная мысль; ВКонтакте для бизнеса; ВКонтакте с авторами; Чемпионат | Championat.com; Natus Vincere; РАЙЗ; ZAKA-ZAKA; VK Play; Истории и маски ВКонтакте; Emoji VK | Смайлы (смайлики); Церебро Таргет | продвижение и реклама бизнеса; Трансформатор; Подслушано в Красное и Белое (КБ) 18+ #ПКБ; News 69; Точка доступа к маркетингу; Red Head Sound — Перевод и Озвучивание; Тинькофф Журнал; Бизнес-тренер Радислав Гандапас; Подслушано в Пятерочке | Пятерочка | Сотрудники; SMM секреты с Анастасией Юговой; Подслушано Тверь и Тверская область; Тверь ВКонтакте; Ищу Тебя Тверь; Pepper.Ninja: таргет | SMM | парсер; ПОДСЛУШАНО У ВОДИТЕЛЕЙ. ТВЕРЬ; ТИА Новости Твери и Тверской области; По ходу разберёмся; TED RUS - TED Talks на русском; Acer; Твериград; Интернет-маркетинг от Convert Monster; OverDrive aka Аркадий Мясницкий; Саша Чижов; Midjourney — арты от нейросети; TexTerra,
м,24.4.1987,Королёв,"Картины на холсте MyMoneyArt; Я ♡ КИНО; Интересные факты; Фотошедевры; ALIGATOR; ТАТУИРОВКИ | ЭСКИЗЫ; Mad Art | Искусство и лайфхаки; Подслушано Королёв; Мир Кино; Подслушано Метро Москвы; Тату рай; Тысяча чертей, какая татуировка!; Ольга Малащенко; Forage; Подслушано Судогда; Fuck That Shit; VARVAR | Мастерская Ручной Работы; Спорт - прокачай себя; Потрясный Арт; ART LEGALE; CULT; O B A F G K M; Midjourney — арты от нейросети; Midjourney; Чудаки; Спортивные статьи; Подслушано Пушкино и Мытищи; ТАТУ МАСТЕР; Типичный Королев; WCM | World Club Music; Современное искусство; Познакомлюсь вживую; ROCK l РОК; VTube; Мгновения прошлого; ГКОУ ВО «Кадетский Корпус» имени Д.М.Пожарского; GENERATION DEEP & GHOUSE; Ищу тебя в Королёве | ИВК; Другая Музыка; Random Art",дизайнер
ж,5.12.1988,Сочи,"МИФ.Проза; ЧитаЮ; Издательство «Доброе Детство»; Литературные курсы «Мастер текста»; Укиё-э (Ukiyo-e); терновье; Lotur Norn; Vanengriyarr | график | иллюстратор; Анастасия Перкова. Романы; dalfa_art; Издательство ""Снежный Ком""; F3LC4T; hekkil; mugenoumi; Блог Дарьи Бритара; ё х å н | johan4ess; Английский язык.; Японская литература: あかり・Акари; Gemini Art; Дом-на-Перекрестке; ЭГО | Психология, саморазвитие; Городские сказки; Издательство «Пять четвертей»; ALES; Иллюстратор Паша Клементьев; Думай!; Iren Horrors Art; ugolekk_LI•Художник-иллюстратор; EKinveyl (16+); Мир фантастики; Правила жизни; Лаборатория Фантастики; Издательский дом «Самокат»; ДетиСочи.ру; Свадебная фотосъемка в Сочи; Намалевич; Darya Space; ユミ милтн; Полезное образование | Интеллектуариум; Сергей Иннер. Наследие",
м,8.5.1993,Москва,"Палата 69; Богородское; Мода; Богородское Москва М125; ПРОДАЖА ЭКСКЛЮЗИВНЫХ АВТО; Индивидуальный предприниматель; Фёдор Емельяненко - все о бойце и единоборствах; Наука и Техника; Евро футбол | Все о Европейском футболе!; Каток КБ19; Максим Батырев; БАЗА ПОСТАВЩИКОВ - РЫНОК САДОВОД; Малый бизнес; Хайповый шмот │ y2k шмотки; Подслушано продавец Wildberries; Лепрозорий; Мужской стиль | Мужская мода | Имидж | Стилист; Реновация в районе Богородское; Библиотека программиста; 5 интересных фактов; Типичный Сисадмин; Ищу попутчика / С кем лететь; Хабр; Мужской Алиэкспресс и не только!; СУР AI BOT Stable Diffusion - Нейросети; Товарочка; Типичный программист; /dev/null; Апарт-отель SNEGA by PROVENCE; Изучение Java c нуля!; Russian-ultras.com; Сообщество Дизайнеров; Linux | Линукс; Поставщики Wildberries, Ozon, Яндекс и др.; Midjourney — арты от нейросети; WILDBERRIES; Программирование ITmozg:; AUTO; Администрирование: MikroTik, Ubiquiti, Провайдер; Словарный запас (EN)",
м,,Краснодар,"ВИДЕОРОЛИКИ и ДИЗАЙН; Фильмы HD / Новинки кино; Случайный Ренессанс; Типичный Мошенник; Десигн; Как в лучших домах Парижу; Максим Белов / Брендинг и самореализация; мистика низкого сорта; Студия Артемия Лебедева; Joan Cornella; Пленкография; Видеомонтаж VEDITOR.RU; Midjourney — арты от нейросети; Музыка для видео; Logofolio | Дизайн логотипов; ИНТЕРНЕТИК; BARLEONE | Мужские костюмы; Дизайн ВКонтакте | Ногиев; Nathan Morth; YOD. Дизайн и Брендинг; Практическая метафизика  c Эдеррой Мун.; TexTerra; МОЙ КРАСНОДАР; DomoRaider - Design; Русская пустота; BLACK Art - картины на холсте; BRM; ART LEGALE; Nuadalhala; Семен Романюк —  дизайн и заработок; майоров • оформление/рекламные видео; ТОКАРЬ; Дизайню | Роман Жегуляев; Glory Goal | Футбольная атрибутика; Prime Design | Дизайн на заказ; MOROZOV  |  дизайн для соц. сетей; Max Asabin; FREETEAM - Бесплатные  Минуса / Биты; СветлоЯр 3D; Обработка Фото на заказ Фотоарт, Арт, Ретушь",
ж,,Рязань,"Москва 24; Красивые места Москвы и Подмосковья; Где-то в России; Маслова\Фотокухня; tomrus; Artzoom. Искусство в деталях.; мам ну не читай; серые улицы; Ночные дворы; Рязанский Союз художников; Галерея. Мировая живопись; Школа рисования АртЛаб | Рязань; VOGUE IS MY RELIGION; Travel Corporation - путешествия, туризм; Vertex CGI; Москва Live; Дарья Пнева. Иллюстрации. Обучение рисованию.; Выставочный зал АРТРУМ. Рязань; Однажды в зале; Подслушано в Рязани; Простые рецепты daniya_alt; Фитнес кухня; В России; Школа свободного рисования; Уроки иллюстрации | olaartschool; Лайфхак для фотографа; Красивые места земли Рязанской; G R A F I C A; Скетчбук; Фотоконкурсы; Красивые места на Земле - Туризм - Путешествия; Городские улицы; Mercy Chic; Дневник художника; TexTerra; Экседра; Рязань глазами прошлого; Нейроарты; .noch; Сити x M24",
ж,,Кемерово,"МБОУ «Лицей 62» г.Кемерово; Центральная детская школа искусств г. Кемерово; Ирина Хакамада; Олеся Иванченко муд; Баскетбольный клуб ShowTime; Танцы в Кемерово и Барнауле | Павел Новиков; Медиация 64; Сергей Полунин~Sergei Polunin; Женский Форум; Электронный патент онлайн; Философия Бардаша; КЕМЕРОВО КУЛЬТУРНЫЙ; Музей изобразительных искусств Кузбасса; Натальная карта; ПСИХОЛОГИЧЕСКИЙ ЖУРНАЛ; ЕГЭ/ОГЭ-2024 по физике | Подготовка к экзаменам; Виталий Сундаков; Портал для психологов и психотерапевтов; ГОША КАРЦЕВ; Алтайский биосферный заповедник; Фотографируй на телефон как про; Гид по Кемерову; Wiener Wald Торты Кемерово; Детско-юношеский центр ""Творчество""; Высшая школа медиации Юлии Дубининой; Профайлинг, нейротехнологии и детекция лжи; Марина Мелия; Эстетика права I ЭП; ЗЛОЙ КОСМОС / EVIL SPACE; Катя Конасова; ИСТОРИЯ МОДЫ; ВКонтакте для бизнеса; ТРИНИТИ — студия йоги и танцев; be-in.ru; [BadComedian]; Священник Павел Островский; Пирожки +; Фитнес для мозга; ИНСТИТУТ ДИАНАЛИЗА; Шредингер Шутит",
м,,Брянск,"ШАСТУН; Натальная карта; 3D Ускорители | Курсы: 3ds Max+Corona; ArchBlog | Архитектура; Промышленный предметный дизайн; Импроком; Corona Render; FTRM; Библиотека проектировщика; Archi.ru - Архитектура России и мира; 3d визуализация | Blog; 3ddd.ru; Частный архитектор-дизайнер.; Фитнес Рецепты — правильное и здоровое питание; CALIFORNIA ROCKSTAR; Happy3D | Клуб 3д-моделлеров; Just do it; C Θ N C Ξ P T I C; пила; Сергей Кузнецов. Архитектор и художник; АРТ искусство; DWG ФОРМАТ | ПРОЕКТИРОВАНИЕ; Drafting Design - Дизайн Чертежи; Энрике и Музыка; CGI Architecture Visualization; Академия смысла; Архитектурные конкурсы; 3ds max | VRay | Corona Renderer | 3d графика; CeramicGroup; Содружество Урбанистов; In Color Balance; Читай-город; ""литература  для архитекторов и дизайнеров""; Интерс туристическая компания; Hot pies; Лекторий «Прямая речь»; СТРОИТЕЛЬСТВО | РЕМОНТ | BUILDING; Just Cook; FitStars; Квартирный Вопрос",
м,,Кемерово,"Вести-Кузбасс | Новости; Коноблог-история дружбы(Алиса и Медея); Лошадиные секреты; Horse Family Shop; Советский конный спорт; Zibreva Online; ALIBI equestrian; Продажа лошадей для любительского, детского и пр; Фея конного массажа; ДНЕВНИК КОНОБЛОГЕРА *Мариша МТ; Журнал GOLD MUSTANG; Коневозы,Прицепы.Изготовление и ремонт; Работа с лошадьми; Искусство воспитания лошади; Золото России; Фотограф Кемерово Токмакова Наталия; КАТАЛОГ жеребцов производителей!; Коноблог Марины и Альбуса; Я  Конник; Федерация конного спорта России; Хадн дадн; Конный магазин  horse style shop; Better than yesterday; Телерадиокомпания «КВАНТ»; adgnwrnnfsg; В сети - паблик; shop; Коронавирус в России; The-cool-games.ru; Аспект Сибири Строительная компания; Арт-проект ""Я меняю город""; Аспект Сибири; Мастер-Град; Кемеровский областной Арт музей; Школа красоты; Кемерово; Kvanta42; ООО ""Кванта""; Психологи в Кемерово; Midjourney Promts — искусство нейросетей",
м,10.9.1985,Бишкек,"Laser_M51 макеты | лазер фрезер ЧПУ | cdr dxf ai; Beautiful Babes; Лучшие Кириллические(Русские) шрифты; DESIGN STORAGE - MOCKUP | AFTER EFFECTS | ШРИФТЫ; Макеты для лазерной резки | Верхняя полка; Hndwd Fonts | Бесплатные Шрифты; Ренессанс; ALL PSD-Оформление YouTube Канала,Шапка для Ютуб; Design - канал для дизайнеров; CONCEPT ART; Cafe racer, Bobber, classic & custom motorcycle; Inspiration; C Θ N C Ξ P T I C; Sasha Byvshev; Harley-Davidson | Барахолка; АНИMAЦИЯ НЕ ДЛЯ ВСЕХ   16+; MOTORCYCLES, ROAD & MUSIC; Уроки фотошоп | Дизайн | Инфографика; MyComics | Marvel; Бесплатные шрифты; Типографика; #fDIAMONDGIRL; Hot Cosplay; YAKUZA WΣΛR; Сувенирные технологии; StopGame.ru; MOTORCYCLES & ART; VARVAR | Мастерская Ручной Работы; minimal | deep | house | techno; Post-Rock; RPG Geeks; SPIKA Concert Agency; Modern Rock Music; Magic CG; Wow Реклама | Маркетинг; chukcha — Бренд одежды; Теории и практики; |♕| Bury Tomorrow |♕| New Single - HERETIC; Romantically Apocalyptic|Романтика Апокалипсиса; Журнал Кастом Культура (Custom Cult)",
ж,,Хабаровск,"Читаем с Никой; Midjourney - арты нейросети; Midjourney Promts — искусство нейросетей; Cards From Nika/Закладки для книг; Midjourney — арты от нейросети; Издательство «Азбука-Аттикус»; Дочитаю и спать! | Кристина Козырева; Что почитать || Книжные новинки и анонсы; Букинист.ка / Дружинина Оксана; Books_ms | Смородинка о книгах; NailArt Goddess; Boosty.to; МИФ.Проза; Книги; ВКонтакте с авторами; Издательство ""Фантом Пресс""; Книжный Плюшкин Ta_samaya_reads Даша; Издательство Metamorphoses; Подслушано Книгоблогеры; Авторские почтовые открытки. Посткроссинг; Издательство «Дом историй»; Пикабу; Vodka.Kniga.Balalaika; Чтец; Издательство «Альпина Паблишер»; Издательство «Синдбад»; Марианна Добрые Книги; Полина Парс. Книжные обзоры.; Читай-город; Издательство «Поляндрия NoAge»; Мои новые книги...; Вероника Рыжова; Нити слов; Книги Non-fiction: психология, бизнес, научпоп; Книги. Издательство АСТ; Злой Психолог; BOOK24 книжный магазин ЭКСМО-АСТ; АСТ | Neoclassic; Издательство Альпина нон-фикшн; Я сейчас читаю... Ваши отзывы о книгах",
м,31.3.1980,Санкт-Петербург,"GreenGrass; Лепрозорий; Печатаем сами! Stl, 3d, obj; Смешные картинки; Lady Melamori Cosplay; Лурк; Каперы Короля; CONCEPT ART; McReal.FM; Gexodrom; Midjourney; App2Top; MAIFY.RU Сделано как для себя; Стартапы и бизнес; UX Live; Каля маля; Фил. НРИ, варгеймы и миниатюрки; War Robots; НеИгры: Warhammer, Варгеймы, Настолки; Warzone Studio; KEK Entertainment; Warcaster: Neo-Mechanika; Riot Quest; The Ordos club; Midjourney — арты от нейросети; Brother Vinni; Warmachine MK4: Еще один дневник еще одного нуба; Хроники нереальных сражений.; Клуб варгеймов Dicey Lair в ""Спасателе”; Парнас Сити|Форум; movie.soundtracks; Playkot Team; Duran; sndk; Парнас Сити|Все для Всех | Выборгский район; [А полетели, а?]; ISH©.; Бесплатные шрифты; #слушайтехорошуюмузыку; Warmachine & Hordes Russia","Монтажер, видеодизайнер; дизайнер; дизайнер; художник, дизайнер; ведущий художник; арт-директор; преподаватель"
м,,Симферополь,"Наука и Техника; W17; Домашний Компьютер; Жесть Крым •  Симферополь •  Севастополь; Крымская республиканская библиотека для молодёжи; ФГБУ «Заповедный Крым»; Симферополь; Сообщество нетривиальных туристов; Кинотеатр ""Спартак""; КРОССОВКИ-ДРУЗЬЯ ЧЕЛОВЕКА; Курорт Архыз; Туристический магазин Геккон | Ялта, Крым; OUTDOOR #небарахло; Красивые девушки; Rammstein; Коктебель NEW'S; Черный список Крым | Симферополь | Севастополь; Рассвет 66.7; Ай-Петри, 26 км.; VODAGEAR  | Сухие костюмы для бурной воды; ЧП Сочи; Twintip барахолка; Каяк-клуб ""Три стихии""- Школа каякинга с нуля; SPECIAL; Живой Крым; LIVE; TABERNA; Типичный Севастополь Подслушано Крым; РОЛЛЕРЫ СИМФЕРОПОЛЯ | Roller Family 82; MSI CIS; Deleted; Адреналинозависимые; Прыжки с парашютом в Крыму | Прыгнуть в тандеме; Гребной клуб ""КАЯКЕР""; DEAD LINE; Kite.ru (Змеиное Логово); Pole Dance ""Город Ангелов"" Симферополь; Кроссфит (функциональный тренинг); Simplex Noise; Клуб Путешественников Туризм|Рыбалка|Охота",Затейник; Докторборд
м,2.3.1983,Москва,,
ж,4.5.1978,Москва,"Обложки для книг | Арты | Иллюстрации; Мой Дм.погост (КОРОБОВО); Мы любим лабрадоров; Щенки лабрадора; Нейроиллюстратор  | A.Loginov; Like Book — Young Adult; Питомник лабрадоров Руби Краун; Книжные иллюстрации / нейроарты; Уррса читает ромфант; С чашкой чая и книгой в руках... I tata_books; Литрес Самиздат; Лабрадор Официальная Страница; Российская Кинологическая Федерация; ART; Стряпуха  - кулинария | хитрости для дома; Собака бабака; Эксмо Freedom | Книги; НКП Лабрадор ретривер; Мастерская книголюба/@tori_and_books; Матильда Старр: книги о любви; БЕЗРУКОВ; Рожденные читать; Libera - Обложки для книг, иллюстрации; TOKIO HOTEL; Книги • Страсть © Сильвия Лайм; ВКонтакте для бизнеса; Книги. Издательство АСТ; Виктория Килеева. Юмор и фэнтези; Biblioteka aromatov; Настя[Official public author]Любимка; Книги Эксмо. Издательская группа; Книги; Fantasy от «Робинс»; Книги для подростков | Young adult books; Анна Минаева ~ Автор фэнтези миров; Магическая Реальность; BOOK24 книжный магазин ЭКСМО-АСТ; ТЕРЕЗА ТУР: официальная страница писательницы; ★fantasy world★; Лана Ежова. Фэнтези, романтика, адреналин",Инспектор по кадрам; Артер
м,10.6.1992,Новокузнецк,"Rozetked; Артемий Лебедев; Пикабу; PSprices.com | Nintendo Скидки; 3D ДЕГРАДИРОВАНИЕ | CG BLOG; Zubkov; Maxon Cinema 4d; Книга животных; Tavern of Heroes | Overwatch 2; Wylsacom; haryarti; TV: Identity & Broadcast design; FCA | Futuristic Concept Art; AI; Промышленный предметный дизайн; CG vacancy and free-lance; NewSpace; Txao official fan page; VFXLAB || Учим актуальному в CG; Я сибиряк. I'm Siberian.; Страница одного аниматора; Element Edition | Курсы концепт-арт; geometric; GUITAR BATTLE; Midjourney — арты от нейросети; Андрей Engh Шолохов; S_Maslom; Открытый космос; Новые Альбомы; Design Hunters — вакансии для дизайнеров; Сочно о дизайне — графический дизайн и обучение; Олимпийский Ёжик, друг Медвежонка - Ёжик Маня_Будущий талисман олимпийских игр Сочи 2014; Блог CG; Илья Болтивец| фотограф Санкт-Петербург Кемерово; Motion graphics; CLODIS CG; HOT INDIE; Онлайн школа CGTarian. Дистанционное обучение CG; Designar.ru / Обучение Cinema 4d & After Effects; ΛHRIMΛN aka Дмитрий Грозов",
м,,Норильск,,
м,4.7.1992,Санкт-Петербург,"WALL STREET PRO; Биржевик // Инвестиции, Акции, Облигации.; Bitkogan; Былина // The Epic; ИнвестократЪ; junior3d; UE4  ///  UE5 | Unreal Engine Development; Kaino university; SECOND PILOTS 3D | VFX | SFX | MOTION; Моушн-дизайн. Профессия моушн-дизайнер в 2D и 3D; ЯЗЫК КИНО; ДОХОДЪ; 3D ДЕГРАДИРОВАНИЕ | CG BLOG; Строительство и проектирование; Нейрофотки Midjourney BOT; Happy3D | Клуб 3д-моделлеров; ЭПИЗОДЫ; Кругосветка за 2 зарплаты. Waking Travel; Мастерская Исаева; Arctic Freedom | Туры Экскурсии Мурманск; Midjourney — арты от нейросети; ArtStation; SNKV; Озвучки Rumble; MOTUS IMAGO; It's VFX, bitch!; 24 кадра в секунду",
ж,7.8.1994,Калининград,"ᴘ н ᴇ ɴ ᴏ ᴍ ᴇ ɴ ᴀ; двухтысячные; Как тебя зовут; ✩ youthful and comely ✩; Валя Карнавал; Юмор Шрёдингера; Мой имидж; Идеально; Волшебно; Мой образ; Стиль; Имидж; Английский язык.; Аа; мои сохранённые картинки; СТК ""Горка""; random moodboard; Надинка - ягода рябинка; Community Lunar Dolphins; Империя Мира Кино; ЦОПП Калининградская область; встретимся в кафе де флор; INNER; ANOTHER LOOK; Alternative Fashion | Art; подвал.; Marilyn Monroe/Мэрилин Монро; Работа за границей. Holiday-jobs; your girl from the 90s; POISON 4U; ФРИЛАНС; Hot Couture | Стиль и Шопинг; Another Architecture; Brooklyn; BEVERLY BLVD; VKino | Фильмы Сериалы; svetskaya lioness; Фотографы и модели (Калининград); Музей современного искусства «Гараж»; Артнаграда. Конкурсы, премии, гранты",
м,,Москва,,
ж,,Москва,"Midjourney — арты от нейросети; Наука|Science; British humor; ""литература  для архитекторов и дизайнеров""; Кусочек Фильма; Топ Twitter; Гранты,стипендии,стажировки! Обучение за рубежом; История|History; Scandinavia Club: Всё о Скандинавии; TJ; Академическое Искусство; Газеты на английском/Newspapers English / FR /DE; Magazines, books, newspapers in English, IELTS; Мир Discovery; Нейросети: IT, ChatGPT, ИИ | NotCoin; Образовач; Академический Дизайн; HistoryPorn; коты в необычных местах; 9Cute; Студенческий Совет МАРХИ; 9GAG; «Медуза»; VERT DIDER; Визуальный английский | English; Бесплатные шрифты; Космонавт; Radio 1 Dance; Fashion Fetish; Артнаграда. Конкурсы, премии, гранты; Софт Культура; МИРОВАЯ ФИЛОСОФИЯ; dcCONSTRUCTIONS; BOILER ROOM; Совмод; Pantheon; Vandrouki | Путешествия почти бесплатно (RU); Брутализм; Avant-garde archives; Arzamas",
м,8.10.1987,Екатеринбург,"Новинки Музыки 2024 | Новая Музыка; Я ♡ КИНО; Фильмы; Смотри, что я узнал; Хитрости жизни; Новинки кино; Интересная планета - путешествия, туризм; Хитрости жизни; Интересные факты и тайны; Школа кулинарии | Вкусные рецепты; Знаете ли Вы?; NVIDIA; VK NFT HUB; Кинолюбитель; Интерьер и Декор; Фотошкола: объективно о главном; I love photo  - я люблю фото; AliExpress для мужиков; Men's Space; ЯЖЕСПОРТСМЕН; Книги | Литература | Саморазвитие; Малобюджетная квартира; Онлайн Радио 101.ru; Republic of Gamers CIS; Рататуй; Лайфхак для фотографа; VK Play; Фотографы | Фотоидеи; Фотография - обработка фото - нейрофото; Nikon Россия; До и после - обработка фото - нейросети; AniDUB - официальная группа аниме сообщества; Видеокарты Palit; INVASION Labs; Никогда не сдавайся!; Бизнес People; Почта Mail.ru; AMD Россия; Infinix | Международный технологический бренд; E96.RU",Оператор -Дизайнер; печатник; Старший инженер
ж,,Красноярск,"KrasAir Детский оздоровительный лагерь (Красэйр); catricaps; Екатерина Яковлева | Творчество; -DaA-; Тайна одной картины; Художник Рамонова Ольга; Музей; Шарж по фотографии на заказ. SHARJIK.RU; БВВ | Бегеева Лера; Подслушано в Красноярске; Киномания - Лучшие фильмы; Pyropots | Керамика 𓅚; История одного шедевра; я не ною, просто говорю; Тираннозавр амбидекстр; PANIBRAT•GRAD; Åкадемическая Композиция; SAPSAEV; Поступи в СГИИ имени Д. Хворостовского; Художник Андрей Сурнов; Оптимист; Я живу в Красноярске; Тру Художник; Кудряшов Д.Д.; Crow on the pine; Крас Мемас; grekovart; Insanity gallery; Vryasov Nikolai; Керамика by_agawaya; Живописность русских коммуналок; 5 лучших фильмов; твельнева .; Краснодар l Новости; нетипичная красота; Достойные фильмы; психомемы; Аня и Варя Кендель; don't panic; Художники",Художник
