sex,bdate,city,groups_activities
м,3.4.1994,Санкт-Петербург,Юмор; Бизнес; Философия; Дизайн и графика; Программное обеспечение; Юмор; Игры; Дизайн и графика; Кино; Видеоигры; Программное обеспечение; Юмор; Интернет-СМИ; Видеоигры; Юмор; Обучающие курсы; Образование; Юмор; Юмор; Дизайн и графика
ж,,Самара,
ж,27.2.1991,Братск,"Дизайн интерьера; Интернет-СМИ; Сайты; Художница; Фитнес; Дизайн интерьера; Здоровый образ жизни; Строительные материалы, инструменты; Объявления; Здоровый образ жизни; Стиль, одежда, обувь; Фан-сообщество; Объявления; Городское сообщество; Стиль, одежда, обувь; Творчество; Государственная организация; Детская одежда и обувь; Беременность, роды; Комик"
ж,,Мурманск,"Интернет-СМИ; Гимназия; Городское сообщество; Городское сообщество; Интернет-СМИ; Кино; Объявления; Шоу, передача; Шоу, передача; Дискуссионный клуб; Творчество; Городское сообщество; Домашние и дикие животные; Кино; Туризм, путешествия; Дизайн и графика; Юмор; Наука; Юмор; Городское сообщество"
м,24.8.1984,,"Творчество; Наука; Творчество; Культура; Государственная организация; Обучающие курсы; Культурный центр; Консалтинг, бизнес-услуги"
м,,,"Кино; Приложение; Политика; Кино; История; Кулинария, рецепты; Недвижимость; Юмор; Кино; Кафе, ресторан; Дизайн и графика; Здоровый образ жизни; Культура; Бизнес; Бизнес; Автомобили; Туризм, путешествия; Кино; Туризм, путешествия; Консалтинг, бизнес-услуги"
м,,Кунгур,
м,16.12.1990,Сыктывкар,"Тренинг, семинар; Недвижимость; Интернет-СМИ; Консалтинг, бизнес-услуги; Бизнес; Бизнес; Доставка еды; Бизнес; Недвижимость; Дизайн-студия; Парфюмерия, косметика; Доставка еды; Дизайн и графика; Бизнес; Юридические услуги; Интернет-СМИ; Дизайн-студия; Интернет-СМИ; Дизайн и графика; Кофейня"
ж,,Краснодар,
ж,2.1.1994,Санкт-Петербург,
м,,Севастополь,
ж,,Москва,
м,13.4.1987,Волгоград,
ж,,Москва,
м,22.7.1982,Березовский,
м,,,
м,,,
м,6.2.1984,Краснодар,"Юмор; Творчество; Архив; Дополнительное образование; Городское сообщество; Творчество; Фильм; Дизайн и графика; Дизайн и графика; Литература; Интернет-СМИ; Образование; Туризм, путешествия; Литература; Литература; Туризм, путешествия; Дизайн и графика; Дизайн и графика; Музыкант; Бизнес"
ж,1.8.1987,Москва,"Творчество; Образование; Отношения полов; Культура; Отношения полов; Дополнительное образование; Общество; Обучающие курсы; Юмор; Кулинария, рецепты; Психология; Интернет-СМИ; Творчество; Сайты; Образование; Юмор; Дизайн и графика; Обучающие курсы; Дискуссионный клуб; Кино"
м,,Опарино,
ж,,Москва,"Театр; Институт; Творчество; Религия; Туризм, путешествия; Творчество; Стиль, мода; Кино; Стиль, одежда, обувь; Здоровый образ жизни; Зимние виды спорта; Городское сообщество; Игры; Книжный магазин; Творчество; Фотография; Здоровый образ жизни; Кино; Интернет-СМИ; Литература"
м,,,Книга; Литература; Писатель; Творчество; Творчество; Дизайн и графика; Музыкант; Дизайн и графика; Книжный магазин; Творчество; Дизайн и графика; Творчество; Обмен музыкой; Дополнительное образование; Фотография; Культура; Дискуссионный клуб; Литература; ВКонтакте; Литература
м,7.3.1991,Barcelona,"Дизайн и графика; Дизайн и графика; Фотограф; Юмор; Видеоигры; Юмор; Дизайн и графика; Стиль, одежда, обувь; Кино; Фан-сообщество; Видеоигры; Литература; Сериал; Кино; Художник; Художник; ВКонтакте; Фотография; Домашние и дикие животные; Анимация"
м,,Оренбург,"Творчество; Фотография; Стиль, одежда, обувь; Городское сообщество; Стиль, одежда, обувь; Фотография; Городское сообщество; Творчество; Поиск работы; Интернет-СМИ; Городское сообщество; Творчество; Культура; Кулинария, рецепты; Кулинария, рецепты; Кулинария, рецепты; Анимация; Творчество; Другая музыка; Культура"
м,30.11.1991,Новосибирск,
м,,,"Дизайн и графика; Видеоигры; Дизайн и графика; Городское сообщество; Творчество; Объявления; Творчество; Программирование; Техника, электроника; Другая музыка; Юмор; Городское сообщество; Программирование; Творчество; Городское сообщество; Rap, Hip-Hop; Программирование; Программирование; Программное обеспечение; Rap, Hip-Hop"
ж,8.1.1994,,
м,,Великий Устюг,
м,,Челябинск,
м,,Нижневартовск,
м,,,
м,12.6.1986,,
м,9.5.1990,Симферополь,
м,22.5.1979,Минск,
м,23.3.1902,Сочи,
м,23.9.1988,,
м,26.7.1982,Москва,
м,,Алматы,
ж,,,
ж,16.11.1988,Барнаул,
м,5.9.1986,Пермь,
ж,,Челябинск,
м,,Denpasar,
м,,Санкт-Петербург,
м,,Новосибирск,
м,15.2.1992,Екатеринбург,
м,,Москва,"Благотворительная организация; Фитнес; Здоровый образ жизни; Гостиница; Дизайн интерьера; Дизайн интерьера; Стиль, одежда, обувь; Городское сообщество; Банк, финансовое учреждение; Фотография; Программирование; Юмор; Университет; Активный отдых; Кино; Видеоигры; Юмор; Программирование; Дизайн и графика; Бизнес"
ж,,Иваново,"Кино; Юмор; Фитнес; Юмор; Кино; Юмор; Кулинария, рецепты; Образование; Строительство, ремонт; Дизайн интерьера; Кино; Творчество; Родители и дети; Отношения полов; Другие хобби; Литература; Философия; Кино; Дискуссионный клуб; Другие хобби"
м,,,"Интеллектуальные игры; Настольные игры; Обучающие курсы; Ролевые игры; Видеоигры; Творчество; Дизайн и графика; Анимация; Настольные игры; Дизайн и графика; Анимация; Городское сообщество; Печатное издание; Творчество; Обучающие курсы; Юмор; Культура; Игры, игрушки; Интернет-СМИ; Образование"
м,,Москва,"Стиль, мода; Творчество; Творчество; Музей, галерея, выставка; Радиостанция; Юмор"
м,3.10.1985,Тюмень,"Интернет-СМИ; Городское сообщество; Стиль, одежда, обувь; Интернет-СМИ; Кино; Игры; Туризм, путешествия; Юмор; Фотография; Видеоигры; Городское сообщество; Туризм, путешествия; Юмор; Интернет-СМИ; Производство, промышленность; Блог; Фотография; Творчество; Фотография; Продукты питания, напитки"
м,15.1.1990,Москва,Юмор; Юмор; Юмор; Литература; Производство контента; Культура; Образование; Бизнес; Юмор; Юмор; Юмор; Юмор; Группа коллег; Юмор; Юмор; Обмен музыкой; Творчество; Юмор; История; Творчество
м,2.8.1991,Черноморское,"Военное дело; Государственная организация; Интернет-СМИ; Кино; Юмор; Образование; Автомобили; Видеоигры; Юмор; Интернет-СМИ; Недвижимость; Одежда, обувь; Фильм; Автовладельцы; Юмор; Кино; Общество; Общественная организация; Творчество; Юмор"
м,,,
м,5.4.1991,Москва,Страна; Дизайн и графика; Интернет-СМИ; Музыкант; Оператор стационарной связи; Страна; Музыкальная группа; Писательница; Поэтесса; Архив; Книжный магазин; Литература; Творчество; Писатель или писательница; Библиотека; Реклама; Данный материал заблокирован на территории Российской Федерации на основании требования Генеральной прокуратуры РФ от 09.03.2022 № 37-31-2022/Треб273-22; Религиозное учреждение; Другие хобби; Литература
м,,Белгород,
м,26.1.1989,,
ж,,Омск,
м,,,
ж,,Новомосковск,
м,,Омск,
ж,,Москва,
м,,,
м,,Екатеринбург,
ж,,Санкт-Петербург,
ж,,Краснодар,
ж,,Якутск,
м,30.11.1984,Екатеринбург,
ж,,Новосибирск,
ж,,Москва,
ж,,Краснодар,
м,1.10.1984,Москва,
ж,16.2.1986,Уфа,
ж,8.6.1991,Санкт-Петербург,
ж,19.5.1991,Фрязино,Кино; Кино; Городское сообщество; Дизайн и графика; Художница; Художница; Художник; Дизайн и графика; Кино; Творчество; Кино; Юмор; Художница; Кино; Интернет-СМИ; Кино; Творчество; Интерьер; Кино; Кино
ж,,Новосибирск,Домашние и дикие животные; Дизайнер; Товары для творчества; Творчество; Обучающие курсы; Языки; Творчество; Творчество; Творчество; Объявления; Творчество; Товары для творчества; Творчество; Творчество; Творчество; Творчество; Книга; Садоводство; Творчество; Товары для творчества
ж,,Алматы,"Художница; Игры, игрушки; Религия; Художник или художница; Художница; Игровая студия; Видеоигра; Творчество; Юмор; Услуга; Художница; Юмор; Дизайнер; Творчество; Художница; Творчество; Другие хобби; Художник или художница; Творчество; Художница"
м,26.11.1985,Иваново,"Рок; Культура; Военное дело; Фотография; Юмор; Rap, Hip-Hop; Творчество; Юмор; Домашние и дикие животные; Дизайн и графика; Музыкант; Фан-сообщество; Производство, промышленность; Домашние и дикие животные; Игры; Электроника; Юмор; Юмор; Радиостанция; Дополнительное образование"
ж,,,
м,,Смоленск,"ВКонтакте; Онлайн-игра; ВКонтакте; ВКонтакте; Фотография; Дом культуры; Творчество; Rap, Hip-Hop; Наука; Культура; Творчество; Одежда, обувь; Творчество; Литература; Спортивные товары; Культура; Творчество; Туризм, путешествия; Приложение; Онлайн-игра"
м,5.9.1994,Севастополь,"Юмор; Домашние и дикие животные; ВКонтакте; ВКонтакте; Игры; Реклама; Юмор; История; ВКонтакте; Банк, финансовое учреждение; Культурный центр; Кино; Юмор; Государственная организация; Дом культуры; Туризм, путешествия; Одежда, обувь; Обучающие курсы; Кино; Туризм, путешествия"
м,30.11.1987,,"Интернет-СМИ; Городское сообщество; Видеоигры; Техника, электроника; Юмор; Образование; Киберспортивная организация; Дизайн и графика; Домашние и дикие животные; Певица; Фотография; Дизайн и графика; Творчество; Дизайнер; Творчество; Продукты питания, напитки; Анимация; Творчество; Кино; Дизайн и графика"
м,,Зеленоград,"Городское сообщество; Туризм, путешествия; Техника, электроника; Отдых на природе; Настольные игры; Настольные игры; Интернет-СМИ; Настольные игры; Туризм, путешествия; Интернет-СМИ; Настольные игры; Туризм, путешествия; Техника, электроника; Интернет-СМИ; Техника, электроника; История; Городское сообщество; Туризм, путешествия; Группа коллег; Творчество"
м,27.10.1984,Севастополь,
м,9.2.1990,Екатеринбург,
м,30.3.1986,Новосибирск,
м,,Иркутск,
м,,Красноярск,
ж,,Москва,
м,,,
ж,,,
м,,Санкт-Петербург,
ж,,,
м,,Москва,
м,,,
м,,,
ж,,Нижний Новгород,
ж,,,
м,29.7.1994,Москва,"Программирование; Электронная музыка; Другая музыка; Дизайн-студия; Интернет-СМИ; Стиль, мода; Дизайнер; Программное обеспечение; Другая музыка; Дизайнер; Модель; Печатное издание; Модель; Обмен музыкой; Электронная музыка; Культура; Джаз; Интерьер; Другая музыка; Фестиваль"
м,,,Философия; Здоровый образ жизни; Государственная организация; Соседи; Государственная организация; Юмор; Юмор; Юмор; Дизайн и графика; Страна; Городское сообщество; Юмор; Молодёжное движение; Дизайн интерьера; Художник; Домашние и дикие животные; Образование; Юмор; Кофейня; Блогер
ж,,Москва,"Интерьер; Одежда, обувь; Образование; Парфюмерия, косметика; Консалтинг, бизнес-услуги; Ролевые игры; Фотография; Здоровый образ жизни; Обучающие курсы; Бизнес; Консалтинг, бизнес-услуги; Бизнес; Косметология; Парфюмерия, косметика; Школа; Парфюмерия, косметика; Парфюмерия, косметика; Санаторий, дом отдыха; Предпринимательница; Интернет-СМИ"
ж,,,Юмор; Городское сообщество; Городское сообщество; Домашние и дикие животные; Творчество; Литература; Городское сообщество; Городское сообщество; Печатное издание; Телеканал; Литература; История; Культура; Городское сообщество; Городское сообщество; Торговый центр; Юмор; Городское сообщество; Наука; Юмор
м,,Москва,"Блогер; Кино; Производство, промышленность; Городское сообщество; Дом культуры; Туризм, путешествия; Программирование; Шоу, передача; Техника, электроника; Автовладельцы; Автомобили; Творчество; Городское сообщество; Писатель; Шоу, передача; Туризм, путешествия; Творчество; Автовладельцы; Туризм, путешествия; Туризм, путешествия"
м,,Москва,"Интерьер; Приложение; Бизнес; Домашние и дикие животные; Кино; Творчество; Творчество; Творчество; Дизайн и графика; Автосервис; Юмор; Салон красоты; Дизайнер; Творчество; Банк, финансовое учреждение; Приложение; Дизайн и графика; Производство, промышленность; Фотография; Дизайн и графика"
ж,,Санкт-Петербург,
м,,Москва,
ж,,Сургут,
м,,Нижний Новгород,
м,3.11.1990,,
м,14.10.1992,Пятигорск,
ж,6.1.1991,Москва,
м,,Хабаровск,
м,16.8.1972,Анапа,
м,,,
м,,Västerås,
м,,Великий Новгород,
м,25.9.1994,,
м,,Челябинск,
м,28.7.1983,Петрозаводск,
м,13.5.1989,Санкт-Петербург,
ж,,,
ж,13.9.2007,,
м,,Калининград,
ж,,Новосибирск,
м,,Москва,"Фотография; Культурный центр; Фотография; Эротика; Фотография; Эротика; Фитнес; Эротика; Культура; Стиль, мода; Анимация; Стиль, одежда, обувь; Электронная музыка; Эротика; Стиль, одежда, обувь; Фотография; Эротика; Эротика; Анимация; Творчество"
м,,,
м,,,"Творчество; Дизайн и графика; Финансы; Другие хобби; Творчество; Игры; Творчество; Программирование; Образование; Настольные игры; Творчество; ВКонтакте; Художник; Книга; Игры, игрушки; Культура; Игры; Дискуссионный клуб; Творчество; Дизайн и графика"
ж,,Санкт-Петербург,"Писательница; Военное дело; Садоводство; Домашние и дикие животные; Политика; Образование; Анимация; Институт; Интернет-СМИ; Творчество; Писательница; Туры, экскурсии; Городское сообщество; Продукты питания, напитки; Государственная организация; Городское сообщество; Кино; Издательский дом; Творчество; Писатель"
м,,,"Видеоигры; Техника, электроника; Интернет-СМИ; Строительство, ремонт; Обучающие курсы; Дизайн и графика; Техника, электроника; Обучающие курсы; Дизайн и графика; Техника, электроника; Программирование; Дизайн и графика; Обучающие курсы; Видеоигры; Автомобили; Дизайн и графика; Техника, электроника; Кино; Поиск работы; Образование"
м,14.4.1986,Борисов,"Знакомства; Кино; Юмор; Кино; Юмор; Кино; Автомобили; Кино; Шоу, передача; Творчество; Автомобили; Дизайн интерьера; Юмор; Юмор; Философия; Строительство, ремонт; Кино; Общественная организация; Кулинария, рецепты; Обмен музыкой"
ж,11.8.1986,Москва,"Интернет-СМИ; Дизайн и графика; Игры, игрушки; Творчество; Стиль, одежда, обувь; Творчество; Дизайн интерьера; Творчество; Творчество; Художник или художница; Творчество; Товары для творчества; Дизайн интерьера; Игры, игрушки; Художница; Дизайнер; Творчество; Обучающие курсы; История; Стиль, мода"
м,,,
м,3.12.1993,Симферополь,"Городское сообщество; Блогер; Творчество; Фотограф; Фотография; Юмор; Фотография; Объявления; Юмор; Актёр или актриса; Знакомства; Автовладельцы; Интернет-СМИ; Юмор; Другая музыка; Программное обеспечение; Одежда, обувь; Фото- и видеосъёмка; Стиль, одежда, обувь; Образование"
м,,Абакан,
м,28.8.1985,Воронеж,
ж,10.12.1981,Новосибирск,
ж,29.12.1984,,
ж,14.9.1993,,
ж,,,
м,7.10.1983,Уфа,
м,,Москва,
м,,,
м,,Челябинск,
ж,,Вязьма,
м,2.2.1992,Санкт-Петербург,
ж,26.12.1980,Раменское,
м,,Миасс,
м,,Москва,
м,,Гурзуф,
ж,,Тюмень,
м,,,
м,,Тольятти,"Творчество; Кино; Студия звукозаписи; Дизайн и графика; Автосалон; Юмор; Творчество; Культура; Кино; Фотография; Дизайн и графика; Творчество; Образование; Образование; Автомобили; Туризм, путешествия; Автомобили; Фотография; Творчество; Мототехника"
ж,,Краснодар,Страна; Психология; Страна; Образование; Образование; Музыкант; Образование; Юмор; Юмор; Юмор; Дизайн и графика; Театр; Образование; Философия; Творчество; Место отдыха; Философия; ВКонтакте; Культура; Молодёжное движение
м,,Барнаул,Юмор; Кино; Образование; Наука; Юмор; Юмор; Юмор; Интернет-СМИ; Бизнес; Фотография; История; Фотография; Фитнес; История; Интернет-СМИ; Кино; Городское сообщество; Фотография; Юмор; Юмор
м,,Самара,Образование; Городское сообщество; Программное обеспечение; Отношения полов; Творчество; Дизайн и графика; Товары для творчества; Дискуссионный клуб; Поиск работы; Творчество; Фотография; Фотография; Фотография; Городское сообщество; Интернет-СМИ; Городское сообщество; Литература; Фотография; Культура; Творчество
м,,Новосибирск,"Юмор; Дом культуры; Юмор; Юмор; Автомобили; Творчество; Творчество; Культура; Культура; Инди; Музей, галерея, выставка; Дизайн интерьера; Творчество; Фотография; Кино; Дизайн и графика; Фотография; Юмор; Кино; Городское сообщество"
ж,29.10.1993,Санкт-Петербург,"Обучающие курсы; Образование; Здоровый образ жизни; Художница; Стиль, одежда, обувь; Здоровый образ жизни; Здоровый образ жизни; Домашние и дикие животные; Образование; Стиль, одежда, обувь; Дизайн интерьера; Философия; Литература; Здоровый образ жизни; Туризм, путешествия; Программирование; Место отдыха; Родители и дети; Медицина; Психолог"
м,,Волгоград,"Юмор; Литература; Литература; Юмор; Творчество; История; Блогер; Художник; Наука; Фотография; Фотография; Кулинария, рецепты; Наука; Домашние и дикие животные; Дополнительное образование; Литература; Литература; Блогер; Образование; Кулинария, рецепты"
ж,,Казань,"Обучающие курсы; Дизайн и графика; Философия; Юмор; Юмор; Здоровый образ жизни; Творчество; Творчество; Юмор; Юмор; Активный отдых; Туризм, путешествия; Юмор; Театр; Образование; Юмор; История; Дополнительное образование; Программное обеспечение; Дизайн и графика"
м,25.1.1988,Петрозаводск,"Объявления; Блогер; Производство, промышленность; Шоу, передача; Государственная организация; Кино; Фотография; Гостиница; Психология; Психолог; Другие услуги; Видеоигра; Стиль, одежда, обувь; Кино; Украшения, бижутерия ; Интерьер; Кино; Кино; Киберспортивная организация; Культурный центр"
ж,,Самара,
м,25.7.1992,,
м,,,
м,1.7.1994,Санкт-Петербург,
м,,Екатеринбург,
м,,Уфа,
ж,11.8.1992,Калуга,
ж,13.3.1997,Москва,
м,,Ижевск,
м,1.7.1994,Казань,
м,,Луганск,
м,,Нижний Новгород,
м,,Киров,
ж,,Нижний Тагил,
м,,Феодосия,
м,,,
м,,,
м,,Сторожевка,
м,,Волоколамск,
м,17.6.1989,,Блогер; Игры; Кино; Стример; Наука; Городское сообщество; Творчество; Городское сообщество; Творчество; Блогер; Творчество; Игры; Танцевальная школа; Видеоигры; Онлайн-игра; Онлайн-игра; Видеоигра; Онлайн-игра; Онлайн-игра; Киберспортивная организация
м,,Саратов,"Городское сообщество; Музыкальные инструменты; Фотограф; Политика; История; Фото- и видеосъёмка; Городское сообщество; Дополнительное образование; Писатель; Здоровый образ жизни; Государственная организация; Туризм, путешествия; Культурный центр; Университет; Другая музыка; Городское сообщество; Городское сообщество; Городское сообщество; СМИ; Культурный центр"
м,28.8.1992,Москва,"Военное дело; Творчество; Фотография; Другие хобби; Игры, игрушки; Юмор; Военное дело; Печатное издание; Блог; Цирк; Товары для творчества; Другие хобби; Финансы; Творчество; Товары для творчества; Другие хобби; Образование; Модель; Другие хобби; Юмор"
м,,Комсомольск-на-Амуре,"Юмор; Электроника; Культурный центр; Блогер; Образование; Литература; Наука; Сайты; Комик; Товары для творчества; Техника, электроника; Здоровый образ жизни; Кино; История; История; Образование; Образование; Юмор; Юмор; Городское сообщество"
м,,Можайск,Интернет-СМИ; Музыкальная группа; Зимние виды спорта; Группа коллег; Городское сообщество; Блогер; Блогер; Кино; Обмен музыкой; Литература; Городское сообщество; Культура; Программное обеспечение; Музыкальная группа; Музыкант; Городское сообщество; Группа коллег; Анимация; Организация; Творчество
м,,,"Финансы; Объявления; Видеоигра; Стример; Данный материал заблокирован на территории Российской Федерации на основании требования Генеральной прокуратуры РФ от 25.03.2022 № 27-31-2022/Треб354-22; Одежда, обувь; Электроника; Стиль, одежда, обувь; Банк, финансовое учреждение; Наука; Компьютерная техника; Одежда, обувь; Видеоигра; Дизайн интерьера; Образование; Одежда, обувь; Настольные игры; Настольные игры; Бытовая техника; Электроника"
м,23.10.1984,Тула,
м,5.1.1987,,"Автомобили; Интернет-СМИ; Студия звукозаписи; Мультфильм; Видеоигра; Юмор; Городское сообщество; Шоу, передача; Видеоигры; Автовладельцы; Городское сообщество; Городское сообщество; Юмор; Модель; Страна; Юмор; Блогер; Юмор; Телеканал; Городское сообщество"
ж,,Dresden,
ж,2.8.1984,Москва,
м,,Ростов-на-Дону,
м,,Екатеринбург,
м,13.6.1987,Санкт-Петербург,
м,,Красноярск,
м,,Санкт-Петербург,
м,,Казань,
м,4.5.1984,Ростов-на-Дону,
м,,,
м,,,
м,,Москва,
ж,,,
м,10.6.1992,Москва,
ж,15.12.1992,Отрадное,
м,,Санкт-Петербург,
м,,Пермь,
м,23.1.1982,Минск,
м,,Череповец,Интернет-СМИ; Дискуссионный клуб; Интернет-СМИ; Общество; Лицей; Военное дело; Городское сообщество; ВКонтакте; Боевые искусства; Интерьер; Городское сообщество; Активный отдых; Кино; Дополнительное образование; Спортивная организация; Объявления; Спортивная организация; Страна; Наука; Автомобили
м,27.12.1988,Санкт-Петербург,"Игры; Видеоигры; Интернет-СМИ; Студия звукозаписи; Образование; Интернет-СМИ; Техника, электроника; Юмор; Культура; Фан-сообщество; Видеоигры; Дискуссионный клуб; Интернет-СМИ; Техника, электроника; Юмор; Блогер; Другие товары; Видеоигры; Интернет-СМИ; Автоспорт"
м,6.2.1988,,"Кафе, ресторан; Бизнес; Кафе, ресторан; Финансы; Шоу, передача; Доставка еды; Кафе, ресторан; Кафе, ресторан; Одежда, обувь; Бизнес; Дизайн и графика; Предприниматель; Языки; Танцор, танцовщица; Другие виды спорта; Образование; Дизайн и графика; Автовладельцы; Производство, промышленность; Дизайн и графика"
м,,Донецк,"Домашние и дикие животные; Юмор; Юмор; Юмор; Наука; Туризм, путешествия; Юмор; Общественная организация; Юмор; Юмор; Юмор; Наука; Туризм, путешествия; Юмор; Юмор; Юмор; Юмор; Туризм, путешествия; История; Бизнес"
м,27.6.1985,Санкт-Петербург,"Электронная музыка; Дизайн и графика; Недвижимость; Кулинария; Дискуссионный клуб; Стиль, одежда, обувь; Образование; Фотография; Творчество; Кино; Дизайн-студия; Строительные и ремонтные работы; Фотография; Фотография; Танцевальная музыка; Знакомства; Фотография; Астрология, эзотерика; Строительные и ремонтные работы; Стиль, одежда, обувь"
м,,Красноярск,
ж,,Пермь,
ж,,Санкт-Петербург,"Художник; Художник или художница; Культура; Языки; Продукты питания, напитки; Языки; Книга; Языки; Языки; Образование; Творчество; Художник или художница; Творчество; Блогер; Финансы; Творчество; Художница; Сайты; Юридические услуги; Художница"
м,,Красноярск,"Литература; Творчество; Общество; Интернет-СМИ; Игры; Комик; Настольные игры; Фотография; Образование; Шоу, передача; Творчество; Творчество; Литература; Учёный, преподаватель; Художник; Настольные игры; Другие хобби; Дизайн и графика; Творчество; Юмор"
ж,,Москва,
м,,Казань,
м,16.8.1990,Белгород,
м,,Москва,
ж,,Калининград,
м,,Егорьевск,
м,,,
м,,Самара,
м,13.3.1991,Челябинск,
м,,,
м,,Вологда,
м,,Ижевск,
м,8.10.1990,Волгоград,
ж,,,
м,,Москва,
м,,Москва,
ж,,Казань,
м,15.5.1984,,
ж,,Пермь,"Другие хобби; Дом культуры; Реклама; Интернет-СМИ; Родители и дети; Государственная организация; Детский сад; Товары для творчества; Приложение; Фестиваль; Интернет-СМИ; Организация праздников; Доставка еды; Творчество; Благотворительность; Юмор; Тренинг, семинар; Городское сообщество; Творчество; Бизнес"
м,3.8.1983,Таллин,
ж,30.1.1990,,
м,16.11.1988,Усть-Кокса,Другие товары; Городское сообщество; Творчество; Ремонтная мастерская; Политика; Другие виды спорта; Летний лагерь ; Творчество; Творчество; Фотография; Общество; Товары для животных; Услуги для владельцев животных; Дискуссионный клуб; Творчество; Объявления; Дизайн интерьера; Объявления; Активный отдых; Сайты
м,13.10.1991,Москва,
ж,,,
ж,,Тольятти,Юмор; Городское сообщество; Городское сообщество; Дизайн и графика; Городское сообщество; Интернет-СМИ; Дизайн и графика; Интернет-СМИ; Городское сообщество; Общество; Творчество; Обучающие курсы; Кино; Дизайн и графика; Юмор; Юмор; Творчество; Юмор; Юмор; Дизайн и графика
м,,,
м,,,"Страна; Дизайн и графика; Видеоигра; Настольные игры; Интернет-СМИ; Обучающие курсы; Видеоигры; Туризм, путешествия; Дизайн и графика; Наука; Юмор; Дизайн и графика; Дизайн и графика; Дизайнер; Видеоигры; Видеоигры; Творчество; Одежда, обувь; Дизайн-студия; Дизайн и графика"
ж,,,
м,,Тюмень,
м,,Первоуральск,
м,,Воскресенск,
ж,17.10.1988,,
м,27.2.1990,Guangzhou,
м,,Зеленоград,
м,29.3.1986,,
м,20.6.1992,Новосибирск,
м,,,
м,,Москва,
м,,Москва,
м,20.2.1985,Сургут,
м,,,
м,,Москва,
м,26.9.1990,Сочи,
м,,Лермонтов,
м,2.7.1988,,
м,,Жуковский,
ж,,The Valley,
м,,Сочи,"ВКонтакте; Финансы; Творчество; Реклама; Бизнес; Юмор; Издательский дом; Культура; Кино; Наука; Дизайнер; Музыкальная группа; Стиль, одежда, обувь; Образование; Кино; Образование; Юмор; Литература; Юмор; Кино"
м,,,"История; Культура; Дизайн и графика; Культурный центр; Наука; Комик; Музыка; Кино; История; Школа; Библиотека; Кино; Наука; Дизайн и графика; Музей, галерея, выставка; Наука; Образование; Публичная страница; Творчество; Культура"
м,,Пермь,"Общество; Городское сообщество; Городское сообщество; Юмор; Общество; Автомобили; Фотография; Интернет-СМИ; Интернет-СМИ; Юмор; Творчество; Фотография; Интернет-СМИ; Фотография; Автовладельцы; Туризм, путешествия; Автомобили; Городское сообщество; Обмен музыкой; Кофейня"
м,,Екатеринбург,"Юмор; Фитнес; Городское сообщество; Предприниматель; Кино; Фитнес-центр; Культура; Юмор; Юмор; Комик; Юмор; Спортсмен; Другие виды спорта; Кино; Творчество; Туризм, путешествия; История; Спортивная организация; Объявления; Группа коллег"
м,15.8.1989,,"Интернет-СМИ; Юмор; Бизнес; ВКонтакте; ВКонтакте; Юмор; Игры; Реклама; Шоу, передача; Интернет-СМИ; Интернет-СМИ; Юмор; Юмор; Программное обеспечение; Автовладельцы; Музыкант; ВКонтакте; Музыкант; Музыкант; Интернет-СМИ"
ж,7.4.1988,,"Городское сообщество; Кино; Городское сообщество; Фотография; Уход за собой; Дизайн и графика; Творчество; Объявления; Салон красоты; Туризм, путешествия; Бизнес; Танцевальная школа; Продажа билетов, бронирование гостиниц; Фотография; Объявления; Образование; Дизайн и графика; Туризм, путешествия; Туризм, путешествия; Фотография"
м,,Оренбург,
ж,,,Отношения полов; Юмор; Культурный центр; Творчество; Юмор; Интерьер; Музыкант; Фотография; Фотография; Дизайн интерьера; Творчество; Мобильные технологии; Реклама; Мебель; Организация; Оборудование; Дизайн интерьера; Дизайн интерьера; Дизайн интерьера
м,28.8.1984,Ангарск,"Музыкант; Образование; Товары для дома; Музыка; Грузоперевозки; Певица; Музыка; Кинотеатр; Автомобили; Певица; Танцевальная музыка; Танцевальная музыка; Знакомства; Зимние виды спорта; Развлечения; Интернет-СМИ; Городское сообщество; Музыкант; Кафе, ресторан; Производство, промышленность"
м,,Вятка,
ж,8.4.1983,Иваново,
ж,30.5.1980,Симферополь,
ж,,Севастополь,
м,11.9.1991,Санкт-Петербург,
м,,Челябинск,
м,28.4.1984,Тюмень,
ж,,Москва,
м,10.8.1988,Белгород (поселок),
м,,,
м,,Москва,
м,,,
м,,Тюмень,
м,,,
м,,Москва,
м,,Ростов-на-Дону,
ж,4.2.1992,,
ж,,Санкт-Петербург,
м,,Омск,"Реклама; Туризм, путешествия; Интернет-СМИ; Предприниматель; Творчество; Творчество; Стиль, мода; Дизайн и графика; Данный материал заблокирован на территории Российской Федерации на основании требования Генеральной прокуратуры РФ от 25.03.2022 № 27-31-2022/Треб354-22; Дизайн и графика; Дизайн и графика; Приложение; Туризм, путешествия; Бизнес; Товары для праздников; Стиль, одежда, обувь; Благотворительность; Творчество; Писатель; Туризм, путешествия"
м,12.12.1990,Воронеж,"Музыкальный лейбл; Интернет-СМИ; Культура; Продукты питания, напитки; Туризм, путешествия; Фотография; Музыкальная группа; Фотография; Музей, галерея, выставка; Рок; Культура; Молодёжное движение; Обмен музыкой; Фотография; Активный отдых; Городское сообщество; Культура; Страна; Фотография; Электронная музыка"
ж,,Тюмень,
ж,,Ростов-на-Дону,"Домашние и дикие животные; Кино; Интернет-СМИ; Юмор; Здоровый образ жизни; Интернет-СМИ; Туризм, путешествия; Философия; Культура; Домашние и дикие животные; Юмор; Кино; Домашние и дикие животные; Общественный деятель; Культура; Другие товары; Образование; Бизнес; Творчество; Юмор"
м,,Златоуст,"Кино; Кино; Кино; Интернет-СМИ; Творчество; Образование; Сайты; Кулинария, рецепты; История; Телеканал; Садоводство; Интернет-СМИ; Литература; Певица; Фильм; Государственная организация; Стиль, одежда, обувь; Юмор; Домашние и дикие животные; Интернет-СМИ"
м,2.6.1934,Kingston,
ж,,Самара,
м,18.8.1995,Москва,Театр; Фотография; Игры; Юмор; Культура; Видеоигры; Дизайн интерьера; Интернет-СМИ; Юмор; Здоровый образ жизни; Родители и дети; Дизайн и графика; Культура; Творчество; Фестиваль; Активный отдых; Творчество; Кино; Место отдыха; Кино
м,,Москва,
м,,,
м,,,
м,8.12.1994,,
м,,Тула,
м,,,
м,,,
м,,Москва,
м,,,
м,23.11.1987,Ялта,
ж,7.11.1992,,
м,,,
м,,Санкт-Петербург,
м,22.8.1985,Санкт-Петербург,
м,24.4.1990,Ярославль,
ж,,Новосибирск,
м,,Гродно,
ж,16.7.1989,Липецк,
ж,,Тюмень,
м,24.4.1986,,
ж,,Berlin,
м,23.5.1995,Москва,
м,,,"Видеоигры; Рок; Бар, паб; Юмор; Музыкальная группа; Молодёжное движение; Музыкант; Электроника; Реклама; Фан-сообщество; Рок; Видеоигры; Туризм, путешествия; Рок; Музыкант; Автомобили; Рок; Музыкальные инструменты; Объявления; Другие товары"
м,29.12.1970,Санкт-Петербург,"Городское сообщество; Городское сообщество; Строительство, ремонт; Строительство, ремонт; Политика; Военное дело; Активный отдых; Публичная страница; Производство, промышленность; СМИ; Строительство, ремонт; Здоровый образ жизни; Экстремальный спорт; Наука; Дизайн-студия; Строительные и ремонтные работы; Активный отдых; Туризм, путешествия; Военное дело; Политика"
ж,,Санкт-Петербург,
м,2.12.1984,,
м,,,"Фотография; Фотография; Фотография; Модельное агентство; Общественная организация; R&B; Фото- и видеосъёмка; Фотография; Эротика; Шоу, передача; Фотография; Фотография; Фотография; Фотография; Сайты; Городское сообщество; Бар, паб; Активный отдых; Объявления; Фотография"
м,8.10.1993,Санкт-Петербург,"Интернет-СМИ; Юмор; Интернет-СМИ; Программирование; Образование; Сайты; Интернет-СМИ; Туризм, путешествия; Интернет-СМИ; Объявления; Фитнес; Интернет-СМИ; Интернет-СМИ; Юмор; Интернет-СМИ; Наука; Наука; Фитнес; Интернет-СМИ; Видеоигры"
ж,,Хабаровск,"Фитнес; Уход за собой; Фотография; Творчество; Производство контента; Культура; Здоровый образ жизни; Художница; Государственная организация; Дизайн и графика; Туристическое агентство; Фотография; Парфюмерия, косметика; Стиль, мода; Творчество; Творчество; Парфюмерия, косметика; Художница; Писатель; Образование"
м,,,
м,,Oslo,
м,,,
ж,,Уфа,
м,,Санкт-Петербург,
м,4.2.1984,Нижневартовск,
м,7.12.1916,,
м,19.7.1987,Москва,
м,6.7.1984,Минск,
м,27.8.1985,Москва,
м,,,
м,,Санкт-Петербург,
м,,Ижевск,
м,,Москва,
ж,15.11.1980,Подольск,
ж,4.8.1989,Руза,
м,,Москва,
м,,Прокопьевск,"Юмор; Сайты; Боевые искусства; Кино; Программирование; Программирование; Программирование; Программирование; Интернет-СМИ; Техника, электроника; Программирование; Программирование; Сайты; Спортивная организация; Лёгкая атлетика; Городское сообщество; Лёгкая атлетика; Лёгкая атлетика; Техника, электроника; Дискуссионный клуб"
м,25.9.1980,Тобольск,"Городское сообщество; Боевые искусства; Юмор; Спортивная организация; Городское сообщество; Дискуссионный клуб; Городское сообщество; Кино; Одежда, обувь; Государственная организация; Другие товары; Фитнес-центр; Юмор; Бар, паб; Игры; Видеоигры; Автомобили; Юмор; Интернет-СМИ; Боевые искусства"
м,,Брянск,"Образование; Государственная организация; Книжный магазин; Классическая музыка; Государственная организация; Культура; Кино; Образование; Другие хобби; Дизайн и графика; Культура; Культурный центр; Дизайн и графика; Анимация; Образование; Религия; Дизайн и графика; Продукты питания, напитки; Образование; Культура"
м,,Краснодар,"Юмор; Знакомства; Блогер; Кино; Наука; Юмор; Образование; Дизайн интерьера; Наука; Туризм, путешествия; Образование; Музыка; Другие хобби; Знакомства; История; Интернет-СМИ; Дизайн и графика; Юмор; Юмор; Блогер"
ж,,,
м,,Нижний Новгород,"Художница; Художник; Украшения, бижутерия ; Студия звукозаписи; Дизайн и графика; Творчество; Философия; Художница; Творчество; Творчество; Писатель; Художник или художница; Художница; Творчество; Художница; Блогер; Художница; Дизайн и графика; Художник или художница; Дизайн и графика"
м,,Самара,"Блогер; Автомобили; Городское сообщество; Блогер; Юмор; Экстремальный спорт; Юмор; История; Юмор; Языки; Автомобили; Дизайн интерьера; Интернет-СМИ; Юмор; Творчество; Спортивная одежда и обувь; Автомобили; Юмор; Техника, электроника; Юмор"
м,7.8.1968,Санкт-Петербург,"Одежда, обувь; Обмен музыкой; Кино; Кино; Блогер; Кино; Юмор; Юмор; Кино; Дизайн интерьера; Юмор; Кино; Автомобили; Закрытое сообщество; Наука; Юмор; Игры; Автомобили; Юмор; Бизнес"
ж,9.11.1994,Нижний Новгород,"Другие хобби; Городское сообщество; Автовладельцы; Стиль, одежда, обувь; Кино; Блогер; Телеканал; Городское сообщество; Кино; Образование; Городское сообщество; Городское сообщество; Философия; Отношения полов; Блогер; Стиль, одежда, обувь; Юмор; Другие хобби; Юмор; Творчество"
м,,,
м,16.3.1987,Астрахань,
м,24.4.1992,Тюмень,
ж,,,
м,16.3.1994,Москва,
м,30.1.1992,Москва,
м,16.4.1991,Невьянск,
м,23.12.1986,Бавлы,
м,,,
м,,,
ж,,Череповец,
ж,27.9.1983,Нижний Новгород,"Наука; Уход за собой; Другие виды спорта; Интернет-СМИ; Лёгкая атлетика; Объявления; Кино; Кино; Интернет-магазин; Строительство, ремонт; Дизайн интерьера; Культура; Городское сообщество; Здоровый образ жизни; Литература; Юмор; Техника, электроника; Интернет-СМИ; Городское сообщество"
м,1.5.2007,Санкт-Петербург,
ж,27.7.1996,Санкт-Петербург,"Видеоигры; Игры; Кино; Культурный центр; Тренинг, семинар; Художница; Культура; Юмор; Юмор; Дизайн и графика; Видеоигры; Религиозное учреждение; Видеоигры; Юмор; Образование; Кино; Дизайн и графика; Творчество; Домашние и дикие животные; Наука"
м,15.1.2000,Ростов-на-Дону,"Университет; Одежда, обувь; Государственная организация; Стиль, одежда, обувь; Городское сообщество; Медицина; Стиль, одежда, обувь; Одежда, обувь; Городское сообщество; Программирование; Техника, электроника; Компьютерная техника; Медицина; Образование; Шоу, передача; Стиль, одежда, обувь; Одежда, обувь; Образование; Кино; Медицина"
м,6.10.1993,Рязань,
м,,Москва,"Студия звукозаписи; Кино; Программирование; Видеоигры; Дополнительное образование; Игры; Наука; Видеоигры; Сайты; Техника, электроника; Юмор; Видеоигры; Туризм, путешествия; Зоопарк; Юмор; Образование; Литература; Образование; Туризм, путешествия; Наука"
м,,,"Настольные игры; Интернет-СМИ; Интернет-СМИ; Дизайн и графика; Настольные игры; Реклама; Бизнес; Игры; Бизнес; Дизайн и графика; Образование; Реклама; Творчество; Блогер; Программирование; Бизнес; ВКонтакте; Обучающие курсы; Шоу, передача; Творчество"
м,,Уфа,"Городское сообщество; Объявления; Творчество; Городское сообщество; Стиль, одежда, обувь; Техника, электроника; Городское сообщество; Интернет-СМИ; Образование; Сайты; Стиль, одежда, обувь; Бизнес; Культура; Творчество; Сайты; Дизайн и графика; Другие виды спорта; Наука; Наука; Юмор"
ж,,Уфа,"Государственная организация; Фестиваль; Общественная организация; Религиозное учреждение; Дополнительное образование; Реклама; Родители и дети; Фестиваль; Спортивный комплекс; Государственная организация; Юмор; Фотография; Культура; Политическая партия; Школа; Домашние и дикие животные; Лицей; Стиль, мода; Стиль, мода; Сайты"
м,,Томск,
ж,,Иркутск,
м,,Волгоград,
м,7.6.1991,Краснодар,
м,,Новосибирск,
ж,1.1.1996,Волжский,
ж,,Уфа,
ж,,Санкт-Петербург,
м,22.7.1980,Москва,
м,,Волгоград,
ж,30.10.1989,Челябинск,
ж,13.10.1994,Новороссийск,
ж,9.6.1981,Москва,
м,9.4.1989,Москва,
м,,Красноярск,
м,,Нижневартовск,
м,12.1.1990,Новосибирск,
ж,,,"Кино; Кулинария, рецепты; Кулинария, рецепты; Видеоигры; Интернет-СМИ; Творчество; Кулинария, рецепты; Телеканал; Творчество; Творчество; Творчество; Кино; Творчество; Другие хобби; Городское сообщество; Творчество; Кино; Творчество; Стиль, одежда, обувь; Стиль, одежда, обувь"
м,11.9.1990,Кувандык,"Юмор; Интернет-СМИ; Фотография; Интернет-СМИ; Автомобили; Городское сообщество; Фотография; Интернет-СМИ; Дом культуры; Фотография; Фотография; Техника, электроника; Творчество; Дизайн интерьера; Творчество; Культура; Дискуссионный клуб; Туризм, путешествия; Сайты; Культурный центр"
м,,Краснодар,"Интернет-СМИ; Игры; Видеоигры; Юмор; Интернет-СМИ; История; Печатное издание; Городское сообщество; Объявления; Кино; Электроника; Дизайн и графика; Туризм, путешествия; Юмор; Юмор; Творчество; Домашние и дикие животные; Творчество; Творчество; Модель"
ж,14.8.1993,Самара,
м,30.5.1967,Москва,"Кино; Дизайн интерьера; Юмор; Литература; Реклама; Интернет-СМИ; Творчество; Образование; Творчество; Интернет-СМИ; Интернет-СМИ; Творчество; Фото- и видеосъёмка; Фотография; Фотография; Туризм, путешествия; Культура; Фотография; Зоопарк; Электроника"
м,10.1.1992,Москва,"Юмор; Юмор; Юмор; Автовладельцы; Знакомства; Общество; Анимация; Отношения полов; Техника, электроника; Творчество; Юмор; Видеоигры; Кино; Видеоигры; Образование; Поиск работы; Наука; Блогер; Анимация; Музыкальная группа"
ж,,Самара,Творчество; Приложение; Художник или художница; Творчество; Литература; Творчество; Творчество; Творчество; Литература; Литература; Художница; Дизайн и графика; Художница; Дизайн-студия; Творчество; Литература; Веб-студия; Литература; Дизайнер; Дизайнер
м,,Рязань,
м,,Ижевск,Литература; Дизайн интерьера; Кулинария; Онлайн-игра; Культура; Творчество; Фото- и видеосъёмка; Обучающие курсы; Игры; Компьютерная техника; Городское сообщество; Образование; Творчество; Настольные игры; Творчество; Настольные игры; Образование; Киберспортивная организация; Дизайн и графика; Другие хобби
м,19.6.1993,,
м,,,
м,,Москва,
м,,Красноярск,
м,14.6.1990,Москва,
м,17.10.1989,Киров,
м,,,
м,,,
м,19.1.1990,Москва,
м,,Петрозаводск,
м,,Москва,
м,30.8.1967,Санкт-Петербург,
м,16.1.1986,Новокузнецк,
м,,Абакан,
ж,,Краснодар,
м,6.11.1987,Нижний Новгород,
м,,Екатеринбург,
м,,,"Культура; Дизайн и графика; Туризм, путешествия; Дизайн и графика; Юмор; Дизайн и графика; Блог; Программное обеспечение; Творчество; Общество; Туризм, путешествия; Образование; Творчество; Фотография; Другие хобби; Образование; Обучающие курсы; Бизнес; Дизайн интерьера; Строительство"
м,,Вологда,"Городское сообщество; Автомобили; Дизайн интерьера; Культурный центр; Творчество; Туризм, путешествия; Строительство, ремонт; Городское сообщество; Сайты; Строительство, ремонт; Дизайн интерьера; Творчество; Дизайн интерьера; Музыкальный лейбл; Строительство, ремонт; Стиль, одежда, обувь; Другая музыка; Электронная музыка; Публичная страница; Творчество"
м,25.6.1985,,"Игры; Юмор; Знакомства; Юмор; Дизайн и графика; Художник; Юмор; Игры; Творчество; Юмор; Юмор; Юмор; Техника, электроника; Юмор; Юмор; Юмор; Юмор; Творчество; Творчество; Юмор"
м,,Москва,"Спортивная организация; Фотография; Знакомства; Эротика; Юмор; Стиль, одежда, обувь; Образование; Творчество; Обмен музыкой; Юмор; Фотография; История; Городское сообщество; Наука; История; Кино; Активный отдых; Культура; Футбол; Культурный центр"
м,,,"Музыкант; Другая музыка; Творчество; Интернет-СМИ; Творчество; Кино; Дизайн и графика; Стиль, одежда, обувь; Домашние и дикие животные; Литература; Другая музыка; Одежда, обувь; Образование; Дизайн и графика; Культура; Юмор; Творчество; Дизайн и графика; Строительство, ремонт; Анимация"
м,27.12.1989,Москва,
м,,Архангельск,Объявления; Бизнес; Интернет-СМИ; Юмор; Дискуссионный клуб; Наука; Объявления; Здоровый образ жизни; Поиск работы; Юридические услуги; Общество; Здоровый образ жизни; Мобильные технологии; Предприниматель; Приложение; Творчество; Поиск работы; Бизнес; Юмор; Городское сообщество
м,14.8.1978,Тюмень,Кино; Кино; Кино; Другие хобби; Интернет-СМИ; Кино; Кино; Кино; Городское сообщество; Творчество; Кино; Кино; Соседи; Кино; Кино; Кино; Кино; Анимация; Общество; Интернет-СМИ
ж,,,
м,,,
ж,,,
м,29.7.1991,Dublin,
ж,26.8.1996,Санкт-Петербург,
м,24.5.1989,Санкт-Петербург,
ж,,,
м,15.10.1993,Москва,
ж,,Александров,
м,3.1.1920,Москва,
м,,Санкт-Петербург,
м,26.6.1982,Североморск,
м,,Северодвинск,
м,6.5.1977,Ижевск,
м,26.1.1989,Москва,
ж,18.3.1991,,
м,,Брянск,
м,,Тула,
м,,Нижний Новгород,
ж,,,"Одежда, обувь; Образование; Юмор; Интернет-СМИ; Дискуссионный клуб; Дискуссионный клуб; Творчество; Другие товары; Образование; Кафе, ресторан; Творчество; Товары для творчества; Интернет-СМИ; Фотография; Кино; Дополнительное образование; Блог; Образование; Творчество; Настольные игры"
м,7.5.1994,Санкт-Петербург,"Литература; Онлайн-игра; Тату-салон; Хостинг, регистрация доменов; Предпринимательница; Печатное издание; Культура; Творчество; Музыкальная группа; Художница; Игры; Юмор; Писательница; Книга; Образование; Книга; Литература; Творчество; Туризм, путешествия; Литература"
ж,,Тверь,"Группа сокурсников; Образование; Творчество; Стиль, мода; Интеллектуальные игры; Кулинария, рецепты; Университет; Культурный центр; Стиль, мода; Кулинария, рецепты; Кулинария, рецепты; Родители и дети; Здоровый образ жизни; Блогер; Блогер; Писатель; Программирование; Кулинария, рецепты; Образование; Университет"
м,,Йошкар-Ола,
ж,27.6.1986,Екатеринбург,"Астрология, эзотерика; Отношения полов; Творчество; Другие хобби; Стиль, одежда, обувь; Родители и дети; Отношения полов; Финансы; Юмор; Блогер; Отношения полов; Интерьер; Философия; Фотография; Уход за собой; Дизайн интерьера; Дизайн интерьера; Дизайн интерьера; Комик; Интернет-СМИ"
м,,Алматы,"Театр; Философия; Юмор; Страна; Юмор; Домашние и дикие животные; Кино; Фотография; Творчество; Велосипеды; Зоопарк; Велосипеды; Юмор; Творчество; Культура; Туризм, путешествия; Объявления; Видеоигры; Творчество; Юмор"
ж,,Великие Луки,"Отношения полов; Бизнес; Астрология, эзотерика; Творчество; Бизнес; Бизнес; Астрология, эзотерика; Творчество; Творчество; Юмор; Блог; Городское сообщество; Здоровый образ жизни; Писатель; Писатель или писательница; Фото- и видеосъёмка; Фотография; Фотография; Шоу, передача; Психология"
м,,,
м,7.3.1989,Иркутск,
м,,Сургут,
м,7.2.1989,Москва,
м,,Санкт-Петербург,
м,8.8.1990,Владивосток,
ж,5.8.1991,,
м,11.6.1990,Ростов-на-Дону,
м,16.6.1996,Москва,
м,,Москва,
м,,,
м,,Москва,
м,,Таганрог,
м,7.9.1972,Рязань,
м,26.7.1994,Москва,
м,,Москва,
м,8.7.1989,Смоленск,
м,2.12.1987,Уфа,
м,,Новосибирск,
м,,Томск,
м,21.1.1990,Нижний Новгород,
м,1.1.1986,Обнинск,
ж,,Екатеринбург,"Печать, полиграфия; Юмор; Приложение; Реклама; Родители и дети; Юмор; Интернет-СМИ; Юмор; Дизайн и графика; Юмор; Стиль, одежда, обувь; Юмор; Юмор; Юмор; Мобильные технологии; Религия; Культура; Место отдыха; Писатель; Видеоигры"
ж,,Великие Луки,"Писательница; Дизайн-студия; Писательница; Литература; Издательский дом; Стиль, одежда, обувь; Художница; Кулинария, рецепты; Художница; Ветеринарная клиника; Дизайн и графика; Литература; Литература; Писательница; Писательница; Литература; Литература; Литература; Фитнес; Книга"
м,24.3.1990,Сочи,"Юмор; Техника, электроника; Объявления; Наука; Спортивная организация; Программирование; Фотография; Фотография; История; Творчество; Фотография; Интернет-СМИ; Другие хобби; Фотография; Фотография; Фотография; Городское сообщество; Образование; Фотография; Видеоигры"
м,11.12.1976,Хабаровск,"Юмор; ВКонтакте; Юмор; Комик; Музыкант; Шоу, передача; Интернет-СМИ; Журналист; Дом культуры; Техника, электроника; Компьютерная техника; Общество; Мобильные технологии; Поэт или поэтесса; Фотография; Юмор; Музыкант; Военное дело; Фотография; Юмор"
ж,,Екатеринбург,
м,6.10.1917,Москва,"Образование; Кино; Мобильные технологии; Туры, экскурсии; Интернет-СМИ; Медицинский центр; Университет; Наука; Творчество; Образование; Языки; Поиск работы; Общество; Языки; Культура; Языки; Кино"
м,,,"Юмор; Игры; Юмор; Общественная организация; Творчество; Игры; Литература; Инди; Видеоигры; Игры; Ролевые игры; Творчество; Видеоигры; Игры; Игры, игрушки; Другая музыка; Кино; Юмор; Видеоигры; Творчество"
м,,,
м,,Санкт-Петербург,"Наука; Фотография; Фотограф; Творчество; Другие виды спорта; Городское сообщество; Музыкальная группа; Музыкант; Недвижимость; Фотограф; Интернет-СМИ; Фото- и видеосъёмка; Одежда, обувь; Фото- и видеосъёмка; Программное обеспечение; Фан-сообщество; Городское сообщество; Радиостанция; Интернет-СМИ; Музыкальная группа"
м,,Москва,
ж,,Нижний Новгород,
м,16.8.1994,Москва,
м,,Кронштадт,
ж,,,
м,2.11.1988,Москва,
м,,,
м,,Москва,
м,,Воронеж,
м,13.5.1988,Санкт-Петербург,
м,6.8.1985,Миасс,
ж,,Москва,
м,,Казань,
ж,,Москва,
м,,Хабаровск,
м,11.6.1985,Нижнекамск,
м,,,
м,,,
м,17.8.1986,Москва,"Юмор; Творчество; Фотограф; Юмор; Юмор; Видеоигры; Фан-сообщество; Литература; Культура; Игры; Видеоигра; Туризм, путешествия; Творчество; Творчество; Культурный центр; Видеоигры; Творчество; Литература; Другие хобби; Анимация"
м,,Санкт-Петербург,
ж,,Ramat Gan,Программирование; Образование; Дизайн и графика; Творчество; Литература; Театр; Творчество; Дизайн и графика; Дизайн и графика; Дизайнер; Дизайн и графика; Наука; Кино; Творчество; Творчество; Школа; Юмор; Дизайн и графика; Творчество; Художник
м,5.10.1989,Саров,"Объявления; Юмор; Городское сообщество; Городское сообщество; Активный отдых; Интернет-СМИ; Торгово-развлекательный центр; Юмор; Баня, сауна; Обмен музыкой; Активный отдых; Торгово-развлекательный центр; Юридические услуги; Другие хобби; Строительные материалы, инструменты; История; Творчество; Данный материал заблокирован на территории Российской Федерации на основании решения суда/уполномоченного федерального органа исполнительной власти (Октябрьский районный суд г. Самары - Самарская область) от 10.08.2023 № 2а-5384/2023; Юмор; Строительство, ремонт"
ж,,,"Наука; Наука; Наука; Образование; Кино; Интернет-СМИ; Литература; Интернет-СМИ; Образование; Юмор; Туризм, путешествия; Фотография; Техника, электроника; Интернет-СМИ; Туризм, путешествия; Фотография; Наука; Творчество; Кулинария, рецепты; Образование"
м,19.10.1989,,"Фотография; Городское сообщество; Культура; Блогер; Программирование; Дизайн интерьера; Фан-сообщество; Городское сообщество; Комик; Фотография; Гостиница; Творчество; Творчество; Техника, электроника; Блогер; Психология; Страховая компания; Молодёжное движение; Программирование; Наука"
ж,,,"Литература; Интеллектуальные игры; Кино; Интернет-СМИ; Художник; Интернет-СМИ; Украшения, бижутерия ; Интернет-СМИ; Парфюмерия, косметика; Парфюмерия, косметика; Художница; Творчество; Фотография; Культура; Творчество; Дизайн и графика; Парфюмерия, косметика; Стиль, мода; Художник или художница; Дизайн и графика"
ж,17.1.1989,Санкт-Петербург,
ж,,,
м,5.12.1992,Нижний Новгород,
м,13.1.1989,Томск,
м,,Москва,
ж,25.6.1990,Москва,
м,10.1.1987,Смоленск,
ж,,Москва,
м,23.12.1989,Сургут,
м,,Москва,
м,,,
м,,Евпатория,
ж,7.3.1997,Санкт-Петербург,
м,,Москва,
м,,,
ж,,Екатеринбург,
м,,Челябинск,
ж,,Тюмень,
ж,,Краснодар,
м,24.4.1978,Инта,
м,28.1.1981,Вологда,
ж,,Москва,"Государственная организация; Дом культуры; Государственная организация; Юмор; Культурный центр; Дискуссионный клуб; Другие хобби; Городское сообщество; Анимация; Домашние и дикие животные; Наука; Туризм, путешествия; Домашние и дикие животные; Юмор; Художница; Производство контента; Домашние и дикие животные; Юмор; Дизайн и графика; Домашние и дикие животные"
м,,Санкт-Петербург,
м,,Санкт-Петербург,
м,,,
м,15.6.1975,Тольятти,"Другая музыка; История; Творчество; Кино; Книга; Комик; Обучающие курсы; Дизайн и графика; Организация; Объявления; Дизайн и графика; Сайты; Дискуссионный клуб; Дизайн и графика; Кино; Кино; Астрология, эзотерика; Медицина; Юмор; Дизайн и графика"
ж,,Москва,"Книга; Художница; Объявления; Языки; Культура; Творчество; Объявления; Спортивная организация; Обучающие курсы; Обучающие курсы; Стиль, мода; Стиль, мода; Писательница; Юмор; Блог; Одежда, обувь; Писатель или писательница; Музыка; Украшения, бижутерия ; Компьютерная техника"
ж,,Москва,"Уход за собой; Туризм, путешествия; Творчество; Фотография; Городское сообщество; Городское сообщество; Объявления; Городское сообщество; Туризм, путешествия; Родители и дети; Туризм, путешествия; Туризм, путешествия; Родители и дети; Образование; Страна; Художник; Фотография; Городское сообщество; Кино; Туризм, путешествия"
м,,,"Видеоигры; Обмен музыкой; Музыкант; Блог; DJ; Фан-сообщество; Танцевальная музыка; Танцевальная музыка; Певец или певица; Певица; Музыкант; Стиль, одежда, обувь; Электронная музыка; Творчество; Игры; Музыкант; Фан-сообщество; Музыкант; Музыка"
м,,Ставрополь,
м,9.8.1996,Санкт-Петербург,
м,18.11.1993,,
м,9.6.1986,Слободской,
м,11.1.1982,Казань,
м,,,
м,,,
м,,Волгоград,
м,15.12.1989,Москва,
м,,Чита,
м,,Улан-Удэ,
м,,Караганда,
м,,Кольчугино,
м,16.8.1984,Волгоград,
м,,,
м,,Москва,
м,,Санкт-Петербург,
м,23.9.1901,Pattaya,
ж,,Санкт-Петербург,
ж,,,
м,27.3.1992,Нижний Новгород,"Знакомства; Игры; Юмор; Отношения полов; Блогер; Видеоигры; Оператор мобильной связи; Кино; Игры; Техника, электроника; Певица; Интернет-провайдер; Видеоигры; Техника, электроника; Видеоигры; Компьютерная техника; Музыкальная группа; Другая музыка; Игры, игрушки; Видеоигры"
м,,Нижний Новгород,"Интернет-СМИ; Интернет-СМИ; Интернет-СМИ; Юмор; Кино; Сериал; Футбол; Творчество; Шоу, передача; Фото- и видеосъёмка; Предприниматель; Творчество; Спортивный комплекс; Фан-сообщество; Блогер; Интернет-СМИ; Фотография; Музыка; Музыкальная группа; Данный материал заблокирован на территории Российской Федерации на основании требования Генеральной прокуратуры РФ от 24.02.2022 № 27-31-2020/Ид2145-22"
ж,,Железногорск,"Художница; Культурный центр; Кафе, ресторан; Одежда, обувь; Государственная организация; Музей, галерея, выставка; Информационный портал; Отдых на природе; Культурный центр; Ювелирные изделия; Дом культуры; Обучающие курсы; Туризм, путешествия; Шоу, передача; Стиль, мода; Доставка еды; Культурный центр; Кафе, ресторан; Одежда, обувь; Активный отдых"
м,29.7.1992,,Литература; Литература; Музыкант; Литература; Литература; Культура; Писатель; Писатель; Литература; Литература; Творчество; Печатное издание; Видеоигры; Писатель; Литература; Творчество; Художник; Студия звукозаписи; Литература; Литература
ж,,Москва,"Дизайн интерьера; Творчество; Кино; Рок; Городское сообщество; Публичная страница; Фотография; Образование; Публичная страница; 20 мая 2023 в 18:00; Закрытое сообщество; Стиль, мода"
м,,Самара,Наука; Фан-сообщество; Книга; Эротика; Интернет-СМИ; Кино; Модель; Блогер; Фотограф; Творчество; Культура; Кино; Издательский дом; Кино; Творчество; Кино; Печатное издание; Кино; Здоровый образ жизни; Культура
м,,,Кино; Финансы; Городское сообщество; Футбол; Юмор; Фан-сообщество; Кино; Футбол; Футбол; Футбол; Спортивная организация; Игры; Кино; Бизнес; Дискуссионный клуб; Кино; Футбол; Другие виды спорта; Дизайн и графика; Обмен музыкой
ж,9.3.1995,Калининград,
м,3.1.1989,Луховицы,
м,,,
м,,Ярославль,
м,,Челябинск,
м,22.10.1992,Алматы,
м,,Владивосток,
м,,,
м,,Альметьевск,
м,,,
ж,9.6.1989,Ростов-на-Дону,
м,12.3.1982,Новосибирск,
м,,Воронеж,
ж,,,
ж,11.3.1964,,
ж,,Минск,
м,,,
ж,,,
ж,27.2.1994,Москва,
м,,Москва,"Дом культуры; Образование; Другая музыка; Другая музыка; Здоровый образ жизни; Астрология, эзотерика; Автовладельцы; Тренинг, семинар; Образование; Музыкальные инструменты; Фестиваль; Фотография; Творчество; Здоровый образ жизни; Интернет-СМИ; Театр; Вымышленный персонаж; Галерея; Музыкант; Данный материал заблокирован на территории Российской Федерации согласно требованию Генеральной прокуратуры Российской Федерации от 24.02.2022 № 27-31-2020/Ид2145-22"
м,,,
м,16.1.1989,Улан-Удэ,"Языки; Домашние и дикие животные; Творчество; Товары для дома; Страна; Печатное издание; Писатель; Кино; Наука; Интернет-СМИ; Музей, галерея, выставка; Кино; Музыкальная группа; История; Образование; Техника, электроника; Юмор; Анимация; Видеоигры; Музыкант"
м,,,
м,4.10.1919,,"Объявления; Фото- и видеосъёмка; Фото- и видеосъёмка; Дом культуры; Фотография; Шоу, передача; Молодёжное движение; Друзья; Фотография; Электронная музыка; Фотограф; Товары для праздников; Автотовары; Студия звукозаписи; Фото- и видеосъёмка; Фотограф; Городское сообщество; Музыкальная группа; Кино; Творчество"
м,,Малоярославец,
м,,Самара,Интернет-СМИ; Кино; Киберспортивная организация; Стример; Киберспортивная организация; Киберспортивная команда; Здоровый образ жизни; Фильм; Кино; Баскетбол; Интернет-СМИ; Боевые искусства; Блогер; Образование; Игры; Киберспорт; Киберспорт; Киберспортивная команда; Теннис; Другие виды спорта
м,,Санкт-Петербург,
м,13.3.1993,Челябинск,"Кино; Видеоигры; Фотография; Игры; Фотограф; Юмор; Юмор; Творчество; ВКонтакте; Учёный, преподаватель; Кино; Юмор; Юмор; Модель; Юмор; Модель; Туризм, путешествия; Ролевые игры; Кино; Кино"
м,,Кунгур,
м,15.10.1989,Электросталь,
м,,Иркутск,
м,,Санкт-Петербург,
м,23.8.1988,Нахабино,
м,,Москва,
ж,25.6.1989,Санкт-Петербург,
м,,Красногорск,
м,,Санкт-Петербург,
м,1.8.1986,Кандалакша,
м,23.7.1989,Самара,
м,,Волгоград,
м,,Kawasaki,
м,4.9.1970,Ярцево,
ж,,Москва,
м,,,
м,,Керчь,
ж,,Пионерский,
м,11.12.1985,Санкт-Петербург,
м,23.5.1987,Ростов-на-Дону,"Городское сообщество; Городское сообщество; Дом культуры; Городское сообщество; Городское сообщество; Программирование; Городское сообщество; Культура; Фитнес; Бизнес; Образование; Наука; Фотография; Обмен музыкой; Фотография; Стиль, одежда, обувь; Спортивный клуб; Программирование; Фото- и видеосъёмка; Фотография"
м,17.6.1996,Санкт-Петербург,Кинотеатр; Юмор; Программное обеспечение; Дизайн и графика; Блогер; Творчество; Дизайн и графика; Обучающие курсы; Кино; Поиск работы; Видеоигры; Дизайн и графика; Поиск работы; Творчество; Фотография; Общество; Блогер; Образование; Видеоигры; Бизнес
ж,,Ейск,"Кафе, ресторан; Кафе, ресторан; Гостиница; Программное обеспечение; Гостиница; Туризм, путешествия; Дизайн и графика; Творчество; Кафе, ресторан; Кафе, ресторан; Дизайн и графика; Туризм, путешествия; Городское сообщество; Организация праздников; Танцевальная школа; Организация праздников; Туризм, путешествия; Печатное издание; Психология; Приложение"
м,,Москва,
м,,Нижний Новгород,
м,5.1.1987,Ростов-на-Дону,"Юмор; Блогер; Мототехника; Кино; Юмор; Мототехника; Образование; Программное обеспечение; Творчество; Туризм, путешествия; Мотоциклы и другая мототехника; Наука; Наука; Интернет-СМИ; Дом культуры; Общество; Культура; Мотоциклы и другая мототехника; Творчество; Туры, экскурсии"
м,,Королёв,"Интернет-СМИ; Интернет-СМИ; Интернет-СМИ; Наука; Городское сообщество; Интернет-СМИ; Наука; Образование; Образование; Образование; Творчество; Шоу, передача; Интернет-СМИ; Финансы; Наука; Одежда, обувь; Интернет-СМИ; Туризм, путешествия; Фотография; Активный отдых"
м,,Санкт-Петербург,
м,,Зеленоград,
ж,,,
ж,25.7.1987,,
м,7.1.1987,Екатеринбург,
м,13.9.1986,Москва,
м,6.3.1992,,
м,,Петрозаводск,
м,,,
м,,Москва,
м,,,
м,,,
м,27.9.1991,Москва,
м,29.10.1989,Чебоксары,
м,13.1.1987,Edinburgh,
м,,Королёв,
ж,,,
м,,,
м,,Москва,
м,,Брянск,
м,1.6.1991,Москва,
ж,29.11.1989,Москва,
м,18.10.1990,Paris,
м,,Москва,"Интернет-СМИ; Боевые искусства; Творчество; Фото- и видеосъёмка; Музыкальная группа; Рок; Вымышленный персонаж; Туризм, путешествия; Юмор; Продажа билетов, бронирование гостиниц; Философия; Философия; Недвижимость; Здоровый образ жизни; Боевые искусства; Рок; Туризм, путешествия; Боевые искусства; Культурный центр; Музыка"
ж,,Москва,Ролевые игры; Юмор; Медицина; Культура; Юмор; Образование; Юмор; Торговый центр; Домашние и дикие животные; Образование; Художница; Интеллектуальные игры; Музыкант; Игры; Творчество; Дизайн интерьера; Комик; Игры; Настольные игры; Городское сообщество
ж,,,
м,,Москва,"Творчество; Фотография; Фотография; Фотография; Фотография; Интернет-СМИ; Кино; Кино; Государственная организация; Производство контента; Фотография; Реклама; Фотография; Кино; Творчество; Печать, полиграфия; Товары для дома; Фильм; Электроника; Фото- и видеосъёмка"
ж,,Иркутск,"Кино; Банк, финансовое учреждение; Дизайн интерьера; Языки; Наука; Фотография; Наука; Дизайн интерьера; Бизнес; Доставка еды; Авиакомпания; Дизайн интерьера; Продажа билетов, бронирование гостиниц; Автомобили; Стиль, одежда, обувь; Приложение; Городское сообщество; Домашние и дикие животные; Домашние и дикие животные; Молодёжное движение"
м,8.5.1985,,Образование; Юмор; Дизайн интерьера; Фотография; Творчество; Место отдыха; Фотография; Фото- и видеосъёмка; Фотография; Фотограф; Фото- и видеосъёмка; Культура; Юмор; Юмор; Фан-сообщество; Фото- и видеосъёмка; Фото- и видеосъёмка; Культура; Фотография; Фото- и видеосъёмка
ж,,Сургут,"Дизайн и графика; Художник или художница; Объявления; Дизайнер; Литература; Литература; Стиль, одежда, обувь; Кино; Литература; Дизайн и графика; Литература; Писательница; Домашние и дикие животные; Художница; Писательница; Книга; Литература; Литература; Реклама; Издательский дом"
ж,,Москва,"Дизайн интерьера; Наука; Юмор; Творчество; Здоровый образ жизни; Другие хобби; Родители и дети; Образование; Творчество; Юмор; Туризм, путешествия; Стиль, одежда, обувь; Дизайн и графика; Городское сообщество; Городское сообщество; Языки; Сериал; Дизайн интерьера; Дизайн и графика; Стиль, одежда, обувь"
ж,,Абакан,
м,,Золотое Дно,
м,,Москва,
м,,Симферополь,
м,,Ижевск,
ж,,Оренбург,
м,20.8.1984,Ростов-на-Дону,
м,20.11.1987,Севастополь,
м,,Москва,
м,,Ялта,
м,23.4.1990,Арзамас,
ж,11.1.1995,Москва,
м,25.4.1987,Москва,
м,,Москва,
м,,,
ж,,Астрахань,
м,23.4.1996,Мытищи,
ж,,Королёв,"Кино; Кино; Юмор; Юмор; Наука; Блог; Юмор; Дизайн интерьера; Дизайн интерьера; Домашние и дикие животные; Отношения полов; Дизайн интерьера; Юмор; Реклама; Юмор; Туризм, путешествия; Кино; Шоу, передача; Юмор; Юмор"
м,,Киров,"Юмор; Одежда, обувь; Одежда, обувь; Одежда, обувь; Продукты питания, напитки; Электронная музыка; Бар, паб; Дизайнер; Шоу, передача; Интернет-СМИ; Одежда, обувь; Интернет-СМИ; Образование; Сайты; Дизайн и графика; Образование; Шоу, передача; Другая музыка; Дизайн и графика; Интернет-СМИ"
ж,26.7.1990,Омск,Городское сообщество; Юмор; Фестиваль; Товары для творчества; Юмор; Юмор; Домашние и дикие животные; Интерьер; Игры; Юмор; Художник; Юмор; Товары для творчества; Творчество; Художница; Творчество; Другие товары; Интернет-СМИ; Игры; Дизайн и графика
м,,Владимир,Видеоигры; Дом культуры; Видеоигры; Кино; Блогер; Игры; Бизнес; Фан-сообщество; Автомобили; Автомобили; Фотография; Политика; Юмор; Печатное издание; Игры; Видеоигры; Кино; Творчество; Наука; Литература
ж,,Москва,"Домашние и дикие животные; Интернет-СМИ; Домашние и дикие животные; Интернет-СМИ; Домашние и дикие животные; Творчество; Домашние и дикие животные; Украшения, бижутерия ; Товары для дома; Фан-сообщество; Домашние и дикие животные; Одежда, обувь; Кино; Художник или художница; Художник; Домашние и дикие животные; Творчество; Дизайн и графика; Юмор; Домашние и дикие животные"
м,5.5.1990,,"Наука; Дискуссионный клуб; Творчество; Творчество; Кино; Дом культуры; Дизайн-студия; Фотография; Техника, электроника; Объявления; Дизайн и графика; Творчество; Юмор; Дизайн и графика; Культура; История; Объявления; Наука; Фотография; Интернет-СМИ"
м,,Самара,"Печать, полиграфия; Дизайн-студия; Молодёжное движение; Образование; Интернет-СМИ; Музыкальная группа; Городское сообщество; Культурный центр; Творчество; Молодёжное движение; Музыка; Культурный центр; Дискуссионный клуб; Юмор; Кино; Стиль, одежда, обувь; Другие товары; Интернет-СМИ; Дизайн и графика; Творчество"
ж,,Калининград,"Юмор; Юмор; Автомобили; Дизайн интерьера; Юмор; Интернет-СМИ; Фитнес; Образование; Шоу, передача; Образование; Интернет-СМИ; Кино; Бизнес; ВКонтакте; Литература; Другие виды спорта; Юмор; Комик; Юмор; Творчество"
ж,,Оренбург,"Производство, промышленность; Государственная организация; Городское сообщество; Товары для праздников; Дополнительное образование; Дополнительное образование; Гостиница; Городское сообщество; Школа; Языки; Танцевальная школа; Творчество; Образование; Литература; Шоу, передача; Кафе, ресторан; Информационный портал; Активный отдых; Культурный центр; Наука"
ж,,Санкт-Петербург,
м,26.1.1987,Выборг,
м,,,
м,,Волгоград,
м,,Санкт-Петербург,
ж,,Омск,
ж,,,
м,,Одинцово,
м,,Белгород,
м,,Москва,
м,28.5.1978,Ростов-на-Дону,
м,4.7.1991,Москва,
м,,Орехово-Зуево,
м,24.7.1987,Санкт-Петербург,
м,10.3.1982,Краснодар,
м,5.11.1980,Москва,
м,,Санкт-Петербург,
м,,,
м,,,Программирование; Юмор; Образование; Юмор; Юмор; Юмор; Юмор; Юмор; Общество; Городское сообщество; Юмор; Отношения полов; Интернет-СМИ; Отношения полов; Кино; Программирование; Медицина; Образование; Общество; Интернет-СМИ
м,,Киев,"Анимация; Автомобили; Танцевальная музыка; Юмор; Другие виды спорта; Фотография; Молодёжное движение; Здоровый образ жизни; Художник; Стиль, одежда, обувь; DJ; Фестиваль; Электроника; Интернет-СМИ; Бар, паб; Бар, паб; Танцевальная музыка; Игры; Товар; Стиль, одежда, обувь"
м,3.9.1992,Сочи,Метал; Творчество; Юмор; Юмор; Объявления; Юмор; Инди; Закрытое сообщество; Юмор; Юмор; Видеоигры; Юмор; Обмен музыкой; Видеоигры; Юмор; Видеоигры; Видеоигры; Музыка; Юмор; Театр
ж,10.2.1992,Анапа,"Туризм, путешествия; Приложение; Интернет-СМИ; Общество; Городское сообщество; Товары для дома; Юмор; Фан-сообщество; Журналистка; Культура; Книга; Фан-сообщество; Стиль, мода; Модель; Государственная организация; Продукты питания, напитки; Шоу, передача; Городское сообщество; Интернет-СМИ; Культура"
м,9.9.1984,Симферополь,"Творчество; Наука; Мототехника; Кулинария, рецепты; Творчество; Юмор; Уход за собой; Гостиница; Баскетбол; ВКонтакте; Шоу, передача; Спортивная одежда и обувь; Кулинария, рецепты; Производство, промышленность; Торгово-развлекательный центр; Творчество; Творчество; История; Дизайн интерьера; Соседи"
м,,Москва,Творчество; Электронная музыка; Музыкант; Электронная музыка
м,14.6.1984,Москва,"Бизнес; Государственная организация; Городское сообщество; Юмор; Государственная организация; Городское сообщество; Фотография; Творчество; Юмор; Городское сообщество; Юмор; Музей, галерея, выставка; Образование; Юмор; Автомобили; Туризм, путешествия; Фотография; Культура; Юмор; Дизайн и графика"
ж,,,
м,8.6.1992,Москва,
м,,Новосибирск,
м,12.11.1992,Челябинск,
ж,19.8.1982,Москва,
м,,Москва,
м,,Красноярск,
ж,3.2.1994,,
м,30.11.1997,Санкт-Петербург,
м,14.12.1971,Москва,
м,23.7.1990,,
м,,Москва,
м,,Санкт-Петербург,
ж,,,
м,,Севастополь,
ж,,,
м,9.5.1995,Санкт-Петербург,
м,20.5.1990,Якутск,
ж,19.4.1989,Ставрополь,
м,,,"Дом культуры; Кино; Фан-сообщество; Домашние и дикие животные; Программирование; Финансы; Философия; Юмор; Домашние и дикие животные; Туризм, путешествия; Программирование; Музыкант; Домашние и дикие животные; Блогер; Юмор; Юмор; Творчество; Домашние и дикие животные; Юмор; Финансовые рынки"
ж,3.8.1987,Санкт-Петербург,Городское сообщество; Творчество; Литература; Кофейня; Писательница; Литература; Художница; Дизайн и графика; Творчество; Художник или художница; Фотография; Литература; Юмор; Книга; Дизайн и графика; Кино; Художник или художница; Организация праздников; Дизайн и графика; Литература
м,4.8.1980,Красноуфимск,"Образование; Городское сообщество; ВКонтакте; Видеоигры; Туризм, путешествия; Туризм, путешествия; Компьютерная техника; Творчество; Дизайн и графика; Недвижимость; Шоу, передача; Городское сообщество; Дизайн и графика; Электроника; Электроника; Дизайн и графика; Программирование; Культурный центр; Сериал; Интернет-СМИ"
м,,Москва,"Блогер; Юмор; Наука; Интернет-СМИ; Обучающие курсы; Туризм, путешествия; Туризм, путешествия; Фотография; Образование; Литература; Обучающие курсы; Юмор; История; Домашние и дикие животные; Юмор; Дизайн и графика; Городское сообщество; Юмор; Наука; Спортивная организация"
м,,Юрга,Дизайн и графика; Юмор; Юмор; Домашние и дикие животные; Творчество; Домашние и дикие животные; Творчество; Домашние и дикие животные; Культура; Юмор; Творчество; Творчество; Домашние и дикие животные; Видеоигры; Творчество; Эротика; Место отдыха; Творчество; Анимация; Фан-сообщество
м,,,
ж,15.2.1986,Калининград,
м,7.10.1991,,Боевые искусства; Футбол; Доставка еды; Блогер; Знакомства; Программирование; Поиск работы; Бассейн; Поиск работы; Поиск работы; Городское сообщество; Поиск работы; Интернет-СМИ; Творчество; Футбол; Поиск работы; Городское сообщество; Родители и дети; Государственная организация; Киберспортивная организация
м,,,
м,25.5.1991,Дзержинск,
м,1.4.1991,Москва,
м,,Санкт-Петербург,
м,,,
м,,,
м,,,
ж,,Владивосток,
м,28.5.2006,Санкт-Петербург,
м,24.9.1988,Воронеж,
м,1.11.1985,Самара,
м,14.4.1982,Пермь,
м,,Вологда,
м,31.3.1991,Барнаул,
м,25.10.1917,Красноярск,
м,,,
м,7.10.1983,Челябинск,
м,28.10.1990,Новочебоксарск,
ж,,Калининград,
м,20.10.1991,Самара,
м,,,
м,22.2.1990,Санкт-Петербург,"Игры; Эротика; Юмор; Программное обеспечение; Юмор; Видеоигры; Юмор; Юмор; Производство контента; Игры; Культура; Художник; Кулинария, рецепты; Юмор; Украшения, бижутерия ; Юмор; Юмор; Юмор; Юмор; Юмор"
ж,22.10.1992,Москва,
м,13.7.1979,,"Юмор; Наука; Другие хобби; Дизайн и графика; Юмор; Юмор; История; Юмор; Кино; Юмор; Культура; Дизайн и графика; Кино; Юмор; Творчество; Юмор; Юмор; Юмор; Стиль, одежда, обувь; Творчество"
м,25.7.1988,Ульяновск,Услуги для автовладельцев; Видеоигры; Фан-сообщество; Домашние и дикие животные; Молодёжное движение; Домашние и дикие животные; Домашние и дикие животные; Театр; Наука; Наука; Кино; Юмор; Кино; Домашние и дикие животные; Игры; Блогер; История; Интернет-СМИ; Творчество; Общество
м,,Брянск,"Кулинария, рецепты; Фотография; ВКонтакте; Юмор; Юмор; Творчество; Дизайн интерьера; Юмор; Юмор; Литература; Видеоигры; Творчество; Туризм, путешествия; Интернет-СМИ; Образование; Литература; Продукты питания, напитки; Кино; Образование; Юмор"
м,14.2.1966,Нижний Новгород,"Садоводство; Музыкальные инструменты; Активный отдых; Творчество; Творчество; Доставка еды; Образовательное учреждение; Певица; Другая музыка; Продукты питания, напитки; Творчество; Кулинария, рецепты; Языки; Другие товары; Кулинария, рецепты; Кулинария, рецепты; Кулинария; Кулинария, рецепты; Строительство, ремонт"
ж,,Воронеж,Интернет-СМИ; Родители и дети; Городское сообщество; Юмор; Творчество; Городское сообщество; Дизайн и графика; Государственная организация; Писатель; История; Наука; Интернет-СМИ; Интернет-СМИ; Мебель; Дизайн и графика; Кино; Дизайн и графика; Дизайн и графика; Творчество; Творчество
ж,6.5.1984,Москва,"Литература; Другие хобби; Уход за собой; Рок; Фан-сообщество; Фото- и видеосъёмка; Товары для дома; История; Техника, электроника; Одежда, обувь; Астрология, эзотерика; Сайты; Ювелирные изделия; Творчество; Украшения, бижутерия ; Отношения полов; Вымышленный персонаж; Фестиваль; Стиль, мода; Фотография"
ж,21.3.1994,Москва,
м,,Симферополь,
м,24.4.1981,Москва,
м,,Архангельск,
ж,,,
м,,,
м,,Muscat,
м,15.2.1961,Иркутск,
м,23.3.1987,Вавилон,
м,,Екатеринбург,
м,30.5.1981,Тирасполь,
ж,,Москва,
м,,Самара,
м,6.3.1976,Архангельск,
ж,,Москва,
ж,,Пенза,
м,3.8.1991,Москва,
м,,Рязань,"Культурный центр; Кино; Кино; Общество; Кино; Дискуссионный клуб; Кино; Наука; Тренинг, семинар; Кино; Кино; Молодёжное движение; Кино; Кино; Литература; Кино; Астрология, эзотерика; Кино; Культура; Другая музыка"
м,,Новосибирск,
м,,,
м,,Чебоксары,"Телеканал; Шоу, передача; Музыка; Кино; Телеканал; Футбольная команда; Шоу, передача; Комик; Комик; Литература; Интернет-СМИ; Домашние и дикие животные; Интернет-СМИ; Юмор; Книжный магазин; Шоу, передача; Шоу, передача; Домашние и дикие животные; Издательский дом; Обмен музыкой"
м,,Великие Луки,"Программирование; Городское сообщество; Интернет-СМИ; Городское сообщество; Программирование; Производство, промышленность; Образование; Программирование; Видеоигры; Городское сообщество; Мебель; Наука; Программирование; Городское сообщество; Программирование; Фотография; Фотография; Фотография; Стиль, одежда, обувь"
ж,28.8.1990,Воронеж,"Интернет-СМИ; Творчество; Строительство, ремонт; Дизайнер; Строительство, ремонт; Юмор; Юмор; Блогер; Кино; Музей, галерея, выставка; Туризм, путешествия; Видеоигры; Одежда, обувь; Другие хобби; Фитнес-центр; Украшения, бижутерия ; Строительные материалы, инструменты; Юмор; Техника, электроника; Фото- и видеосъёмка"
м,9.8.1991,Екатеринбург,Фан-сообщество; Товары для праздников; Дискуссионный клуб; Юмор; Блог; Фотография; Блогер; Городское сообщество; Интернет-СМИ; Музыкальная группа; Дискуссионный клуб; Метал; Наука; Вымышленный персонаж; Музыка; Городское сообщество; Городское сообщество; Метал; История; Юмор
м,,Москва,
м,,Тирасполь,
м,,Воронеж,
м,,Москва,
м,,Самара,
м,,Санкт-Петербург,
м,,,
м,4.7.1994,Краснодар,
ж,,Санкт-Петербург,
м,,Пенза,
м,20.4.1993,Москва,
ж,25.2.1979,Калининград,
м,,Bremen,
м,,Москва,
ж,,Симферополь,
м,,Москва,
м,,Санкт-Петербург,
м,,,
м,,Чита,
ж,25.5.1994,Москва,
м,1.2.1980,Челябинск,
ж,,Феодосия,"ВКонтакте; Юмор; Знакомства; Ювелирные изделия; Здоровый образ жизни; Юмор; Литература; Творчество; Кулинария, рецепты; ВКонтакте; Юмор; Объявления; Уход за собой; ВКонтакте; Кино; Юмор; Стиль, мода; Кино; Юмор; Фитнес"
м,,,
м,,,"Дизайн и графика; Страна; Туризм, путешествия; Дизайн и графика; Культура; Кино; Кино; Фотография; Другие хобби; Творчество; Другие хобби; Дизайн и графика; Видеоигры; Кино; Дизайн и графика; Творчество; Дизайн и графика; Дизайн и графика; Обучающие курсы; Видеоигры"
ж,,Нижний Новгород,"Психология; Объявления; Психология; Религия; Туризм, путешествия; Дизайнер; Туризм, путешествия; Психология; Дискуссионный клуб; Культура; Дизайн и графика; Клининг; Родители и дети; Дизайн и графика; Туризм, путешествия; Туризм, путешествия; Зоопарк; Художница; Образование; Здоровый образ жизни"
м,,Балашиха,"Образование; Фан-сообщество; Юмор; Дополнительное образование; Общество; Юмор; Программирование; Психология; Наука; Юмор; Психология; Образование; Юмор; Туризм, путешествия; Анимация; Художник; Дизайн и графика; Языки; Культура; Астрология, эзотерика"
м,,Ярославль,
м,,Ростов-на-Дону,
ж,3.6.1989,Ставрополь,Общественная организация; Интернет-СМИ; Интеллектуальные игры; Видеоигры; Городское сообщество; Фильм; Образование; Вымышленный персонаж; Интернет-СМИ; Творчество; Юмор; Сайты; Сайты; Творчество; Игры; Образование; Образование; Творчество; Музыкальная группа; Творчество
м,,Москва,
м,4.11.1994,Москва,
м,,Ярославль,
м,12.12.1912,Kingston,
м,,Санкт-Петербург,
ж,,,
м,,Ломоносов,
ж,7.4.1991,Снежинск,
м,,Ярославль,
ж,,,
м,,Оренбург,
ж,,,
ж,,Киев,
м,6.12.1985,,
м,,Астрахань,
м,,Тюмень,
ж,,Симферополь,
м,,Москва,
м,,Котлас,
ж,,Санкт-Петербург,
м,,Кемерово,Культура; Сайты; Фотография; Студия звукозаписи; Видеоигра; Фотография; Фотография; Фотография; Модель; Фотография; Фотография; Фотограф; Фотография; Фотография; Фотография; Фотограф; Фотография; Творчество; Фотография; Другая музыка
ж,,Санкт-Петербург,"Интернет-СМИ; Домашние и дикие животные; Юмор; Домашние и дикие животные; Вымышленный персонаж; Городское сообщество; Юмор; Юмор; Юмор; Театр; Шоу, передача; Домашние и дикие животные; Домашние и дикие животные; Игры; Творчество; Юмор; Театр; Игры; Творчество; Фотография"
м,11.5.1965,Северодвинск,"Водный транспорт; Городское сообщество; Интернет-СМИ; Сайты; Фото- и видеосъёмка; Метал; Группа памяти; Блогер; Группа памяти; Группа коллег; Интернет-СМИ; Творчество; Дискуссионный клуб; Шоу, передача; Городское сообщество; Рок; Образование; Культура; История; Группа памяти"
м,,,
м,,Балашиха,"Публичная страница; Группа коллег; Творчество; Искусство и развлечения; Другие хобби; Юмор; Музей, галерея, выставка; Интернет-СМИ; Образование; Астрология, эзотерика; Книга; Публичная страница; Творчество; Ролевые игры; Дискуссионный клуб; Строительство, ремонт; Творчество; Банк, финансовое учреждение; Музей, галерея, выставка; Юмор"
м,27.3.1990,,"Фотография; Юмор; Автомобили; Дизайн интерьера; Юмор; Юмор; Юмор; Боевые искусства; Юмор; Юмор; Городское сообщество; Поэт или поэтесса; Художник или художница; Юмор; Кино; Интернет-СМИ; Активный отдых; Туризм, путешествия; Строительство, ремонт; Производство, промышленность"
м,21.3.1993,Санкт-Петербург,"Юмор; Электроника; Культура; Сайты; Туризм, путешествия; Фотография; Фотография; Водный спорт; Туризм, путешествия; Фотография; Туризм, путешествия; Юмор; Кино; Фотография; Кино; Образование; Кино; Режиссёр, продюсер; Фотография; Другая музыка"
м,,,"Шоу, передача; Юмор; Дискуссионный клуб; Городское сообщество; Дискуссионный клуб; Дизайн и графика; Дом культуры; Техника, электроника; Городское сообщество; Программное обеспечение; Программное обеспечение; Техника, электроника; Программное обеспечение; Техника, электроника; Другие хобби; Программирование; Производство, промышленность; Общественный деятель; Военное дело; Объявления"
ж,10.12.1974,Соликамск,"Городское сообщество; Городское сообщество; Городское сообщество; Обучающие курсы; Товары для творчества; Консалтинг, бизнес-услуги; Производство, промышленность; Пошив и ремонт одежды; Знакомства; Дизайн и графика; Дизайн и графика; Блог; Дизайн-студия; Дизайнер; Обучающие курсы; Дизайн и графика; Дизайн и графика; Дизайн и графика; Другие хобби; Фотография"
м,26.6.1990,Москва,
м,,Калуга,
м,13.6.1988,Киров,
ж,,,
м,,Самара,
м,6.6.2000,,
м,2.3.1992,Воронеж,
м,6.11.1986,Красновичи,
м,,Москва,
м,,,
м,17.1.1990,Самара,
м,,Красноярск,
м,,Тюмень,
ж,,Алматы,
ж,,Санкт-Петербург,
ж,,Казань,
м,,Новосибирск,
м,,,
м,,Барнаул,
м,,Набережные Челны,
м,20.12.1992,Электросталь,"Фан-сообщество; Видеоигры; Политика; Настольные игры; Дом культуры; Настольные игры; Ролевые игры; Ролевые игры; Интернет-СМИ; Настольные игры; Одежда, обувь; Творчество; Ролевые игры; Ролевые игры; Настольные игры; Ролевые игры; Настольные игры; Другая музыка; Настольные игры; Ролевые игры"
ж,25.9.1985,Ростов-на-Дону,"Обмен музыкой; Интернет-СМИ; Юмор; Родители и дети; Бизнес; Радиостанция; Товары для детей; Бизнес; Наука; Кино; Товары для детей; Городское сообщество; Городское сообщество; Образование; Кулинария; Поэт; Стиль, мода; Городское сообщество; Юмор; Кулинария, рецепты"
ж,4.3.1996,Долгопрудный,"Юмор; ВКонтакте; Бизнес; Кино; Интернет-СМИ; Литература; Литература; Стиль, одежда, обувь; Образование; Образование; Образование; Образование; Кино; Родители и дети; Музыка; Наука; Стиль, одежда, обувь; Творчество; Кино; Другая музыка"
м,23.11.1982,Málaga,"Астрология, эзотерика; Шоу, передача; Художник; Творчество; Творчество; Юмор; Культура; Философия; Дизайн и графика; Юмор; Философия; Образование; Творчество; Писатель; Здоровый образ жизни; Фан-сообщество; Философия; Философия; Книга; Философия"
м,,Frankfurt am Main,"Видеоигры; Интернет-СМИ; Другие товары; Юмор; Техника, электроника; Кино; Видеоигры; Кино; Юмор; Образование; Юмор; Кино; Активный отдых; Кино; Наука; Юмор; Юмор; Видеоигры; Наука; Наука"
ж,31.5.1992,Москва,
м,21.8.1994,Челябинск,Творчество; Интернет-СМИ; Игры; Культура; Юмор; Творчество; Образование; Культура; Творчество; Ролевые игры; Обмен музыкой; Домашние и дикие животные; Вымышленный персонаж; Юмор; Юмор; Обмен музыкой; Культура; Творчество; Интернет-СМИ; Кино
м,,Ижевск,
м,13.2.1992,Москва,"Кино; Литература; Кулинария, рецепты; Кино; Кулинария, рецепты; Товары для дома; Другие виды спорта; Туризм, путешествия; Образование; Юмор; Фитнес; Реклама; Наука; Образование; Дизайн интерьера; Общество; Одежда, обувь; Образование; Фотография; Другие хобби"
м,,,
м,25.8.1984,Нижний Новгород,
м,,Санкт-Петербург,
м,23.5.1980,Мурманск,
м,6.10.1987,Москва,
м,28.12.1982,,
м,,Казань,
м,3.7.1984,Сыктывкар,
м,,Санкт-Петербург,
м,,,
ж,27.11.1986,,
м,4.5.1995,Москва,
м,,Groningen,
ж,,Белгород,
м,,Самара,
м,,Москва,
м,,Калуга,
ж,,Санкт-Петербург,"Общество; Домашние и дикие животные; Творчество; Домашние и дикие животные; Общественная организация; Товары для творчества; Творчество; Художница; Медицинский центр; Домашние и дикие животные; Художница; Домашние и дикие животные; Игры, игрушки; Творчество; Творчество; Обучающие курсы; Дизайнер; Фото- и видеосъёмка; Домашние и дикие животные; Творчество"
м,,,"Юмор; Фан-сообщество; Юмор; Юмор; Игры; Видеоигры; Юмор; Программное обеспечение; Фан-сообщество; Фотография; Музыка; Домашние и дикие животные; Рок; Творчество; Блог; Видеоигры; Политика; Кинотеатр; Техника, электроника; Дискуссионный клуб"
м,,Звенигород,"Автовладельцы; Философия; Страна; Юмор; Автосервис; Юмор; Бизнес; Образование; Программирование; Техника, электроника; Домашние и дикие животные; Юмор; Городское сообщество; Образование; Здоровый образ жизни; Другие товары; Городское сообщество; Наука; История; Туризм, путешествия"
м,9.2.1989,Краснодар,
м,,Москва,"Бизнес; Культура; Юмор; Интернет-СМИ; Торговый центр; Бизнес; Стример; Электроника; Юмор; Культура; Автомобили; Туризм, путешествия; Юмор; Кино; Культурный центр; Дизайн и графика; Туризм, путешествия; Городское сообщество; Государственная организация; Одежда, обувь"
ж,12.3.1992,Санкт-Петербург,"Дизайнер; Городское сообщество; Другие товары; Городское сообщество; Культура; Фестиваль; Молодёжное движение; Стиль, одежда, обувь; Парфюмерия, косметика; Фотография; Творчество; Украшения, бижутерия ; Стиль, мода; Фотограф; Молодёжное движение; Дизайн и графика; Творчество; Астрология, эзотерика; Товары для праздников; Другие товары"
м,,Пермь,"Строительство, ремонт; Видеоигры; Игры; Строительство, ремонт; Творчество; Дизайн интерьера; Объявления; Программирование; Видеоигры; Техника, электроника; Дизайн интерьера; Техника, электроника; Игровая студия; Дизайн и графика; Дизайн интерьера; Строительство, ремонт; Творчество; Творчество; Строительство, ремонт; Строительство, ремонт"
м,6.12.1992,Ульяновск,"Образование; Юмор; Образование; Юмор; Туризм, путешествия; Образование; Литература; Образование; Творчество; Языки; Образование; Творчество; Образование; Наука; Туризм, путешествия; Стиль, одежда, обувь; Туризм, путешествия; Фитнес; Техника, электроника; Юмор"
ж,,Павлодар,"Место отдыха; Творчество; Литература; Детский сад; Общество; Творчество; Место отдыха; Здоровый образ жизни; Уход за собой; Кулинария, рецепты; Концерт; Астрология, эзотерика; Кулинария, рецепты; Место отдыха; Молодёжное движение; Юмор; Родители и дети; Культура; Астрология, эзотерика; Юмор"
м,10.7.1988,Ставрополь,
м,3.5.1991,Санкт-Петербург,
м,1.10.1989,,
м,,,
м,,Москва,
м,,Санкт-Петербург,
м,,Чебоксары,
м,17.7.1991,Москва,
м,13.11.1988,Саратов,
ж,,,
м,,Ликино-Дулево,
ж,,Ленинградская,
ж,,Санкт-Петербург,
м,2.6.1987,Екатеринбург,
м,17.2.1979,Москва,
м,,,
м,8.6.1992,Санкт-Петербург,
ж,,Санкт-Петербург,
м,,Краснодар,
м,22.5.1995,Москва,
ж,2.4.1989,Тверь,
м,,Москва,Интернет-СМИ; Игры; Игры; Интернет-СМИ; Кино; Игры; Бизнес; Программирование; Философия; Образование; Издательский дом; Наука; Культура; Юмор; Юмор; Творчество; Творчество; Ролевые игры; Игры; Юмор
м,,Москва,"Фотография; Туризм, путешествия; Туризм, путешествия; Туризм, путешествия; Музыкальный лейбл; Фотография; Одежда, обувь; Игры; Фотография; Юмор; Творчество; Страна; Фотография; Фотография; Фотография; Творчество; Туризм, путешествия; Туризм, путешествия; Печатное издание; Фотография"
м,4.4.1991,,"Городское сообщество; Автотовары; Юмор; Юмор; Группа коллег; Творчество; Дизайн и графика; Программирование; Электронная музыка; Наука; Автотовары; Автотовары; Доставка еды; Танцевальная музыка; Автосервис; Автотовары; Техника, электроника; Программирование; Кино; Программирование"
м,,,
м,,Москва,"Студия звукозаписи; Видеоигры; Игры; Бизнес; Видеоигры; Интернет-СМИ; Интернет-СМИ; Игры; Шоу, передача; Игры; Видеоигры; Видеоигры; Творчество; Кино; Бизнес; Кино; Техника, электроника; Юмор; Игры; Юмор"
м,16.8.1982,Алматы,"ВКонтакте; Кино; Кулинария; Кино; Фотография; Онлайн-игра; Юмор; Видеоигра; Интернет-СМИ; Образование; Издательский дом; Юмор; Инди; ВКонтакте; Приложение; Дизайн и графика; Видеоигры; Видеоигра; Продажа билетов, бронирование гостиниц; Интернет-СМИ"
м,,,
м,,Чебоксары,
ж,12.8.1980,Москва,
м,,Новосибирск,
м,11.10.1987,Липецк,
ж,,,
м,6.3.1990,Пермь,
м,,Уфа,
ж,8.11.1989,Красноярск,
м,24.11.1998,,
м,,Владикавказ,
м,,Пятигорск,
м,15.8.1989,Уфа,
ж,,Санкт-Петербург,
м,9.11.1994,Москва,
ж,,Таганрог,
м,,,
м,,,
м,28.4.1982,Warszawa,
ж,,Иркутск,
м,19.8.1991,Челябинск,
ж,,Санкт-Петербург,"Образование; Образование; Наука; Литература; Стиль, мода; Группа коллег; Кино; Институт; Библиотека; Образование; Недвижимость; Психология; Духовное лицо; Культура; Образование; Образование; Литература; Дополнительное образование; Городское сообщество; Психолог"
м,,Москва,"Юмор; Кино; Школа; Культура; Юмор; Философия; Творчество; Цирк; Группа коллег; Культура; Музей, галерея, выставка; Юмор; Сайты; Страна; Фотография; Дизайн интерьера; Творчество; Юмор; Литература; Образование"
ж,22.4.1988,Саров,"Интернет-СМИ; Городское сообщество; Общество; Дизайн интерьера; Городское сообщество; Недвижимость; Дизайн и графика; Мебель; Культура; Родители и дети; Объявления; Строительство, ремонт; Дизайн интерьера; Соседи; Сайты; Объявления; Дизайн интерьера; Родители и дети; Мебель; Поиск работы"
м,,Красноярск,Интернет-СМИ; Юмор; Юмор; Городское сообщество; Юмор; Активный отдых; Дизайн интерьера; Юмор; Юмор; Бизнес; Юмор; Наука; Знакомства; Наука; Юмор; Знакомства; Юмор; Юмор; Юмор; Юмор
м,,Санкт-Петербург,"Знакомства; Юмор; Юмор; Кино; Юмор; Юмор; Наука; Кулинария, рецепты; Шоу, передача; Юмор; Юмор; ВКонтакте; Кулинария, рецепты; Творчество; Образование; Юмор; История; Наука; Блог; Юмор"
м,6.6.1991,Коломна,Блог; Интернет-СМИ; Интернет-СМИ; Интернет-СМИ; Финансы; Боевые искусства; Юмор; Интернет-СМИ; Юмор; Городское сообщество; Видеоигры; Блогер; Городское сообщество; Стример; Юмор; Кино; Бизнес; Интернет-СМИ; Программирование; Дом культуры
м,29.3.1991,Shenzhen,"Туризм, путешествия; Игры; Творчество; Домашние и дикие животные; Кулинария, рецепты; Художник или художница; Образование; Юмор; Интернет-СМИ; Языки; Дизайн и графика; Творчество; Бизнес; Юмор; Фотограф; Программное обеспечение; Образование; Блогер; Обучающие курсы; Дизайн и графика"
м,,Донецк,"Юмор; Общественный деятель; Строительство, ремонт; Видеоигры; Юмор; Туризм, путешествия; Видеоигры; Интеллектуальные игры; Творчество; Объявления; Образование; Юмор; Дизайн и графика; Блогер; Видеоигра; Юмор; Кафе, ресторан; Дизайн интерьера; Музыкальная группа; Обучающие курсы"
ж,,,
м,,Санкт-Петербург,
м,,Судак,
м,,Тула,
м,,Иркутск,
м,,Москва,
м,,Тольятти,
м,8.7.1991,Санкт-Петербург,
м,8.7.1995,Москва,
м,,Санкт-Петербург,
м,4.6.1992,Санкт-Петербург,
м,,Челябинск,
ж,30.11.1986,Саратов,
м,,Мурманск,
м,,Йошкар-Ола,
ж,,Екатеринбург,
м,14.4.1932,Тула,
м,,Петрозаводск,
м,,,
м,18.8.1983,Симферополь,
м,,Москва,Радиостанция; Дизайн и графика; Дизайн и графика; Образование; Образование; Молодёжное движение; Обучающие курсы; Творчество; Фото- и видеосъёмка; Хоккейная команда; Молодёжное движение; Программное обеспечение; Объявления; Дизайн и графика; Дизайн и графика; Молодёжное движение; Творчество; Поиск работы; Дизайн и графика; Дизайн-студия
м,,Тверь,"Юмор; Наука; Образование; Наука; Юмор; Наука; Общество; Кино; Кино; Танцевальная музыка; Строительство, ремонт; Другие виды спорта; Фитнес; Творчество; Общество; Юмор; Другие товары; Строительство, ремонт; Бизнес; Другие товары"
ж,10.8.1989,Екатеринбург,"Городское сообщество; Активный отдых; Туризм, путешествия; Интернет-СМИ; Творчество; Интернет-СМИ; Стиль, одежда, обувь; Юмор; Кино; Городское сообщество; Юмор; Образование; Городское сообщество; Кинотеатр; Туризм, путешествия; Юмор; Городское сообщество; Отдых на природе; Режиссёр, продюсер; Фотография"
м,18.3.1993,Москва,Дом культуры; Дизайн и графика; Юмор; Дизайн и графика; Фотография; Философия; Художник; Публичная страница; Творчество; Фотограф; Образование; Общество; Дизайн и графика; Отношения полов; Творчество; Медицина; Общество; Творчество; Культура; Культурный центр
м,,,"Программирование; Юмор; Юмор; Юмор; Психология; Литература; Интернет-СМИ; Образование; Образование; Культура; Шоу, передача; Общественная организация; Юмор; Анимация; Культура; Дополнительное образование; Консалтинг, бизнес-услуги; Творчество"
м,8.9.1992,Санкт-Петербург,
м,,Екатеринбург,Дискуссионный клуб; Поиск работы; Литература; Городское сообщество; Юмор; Юмор; Общество; Городское сообщество; Фотография; Городское сообщество; Соседи; Кино; Молодёжное движение; Юмор; ВКонтакте; Дизайн и графика; Программирование; Дизайн и графика; Фотография; Интернет-СМИ
м,15.3.1974,Кемерово,ВКонтакте; ВКонтакте; ВКонтакте; Юмор; Автовладельцы; Дизайн интерьера; Юмор; Кино; Интернет-СМИ; Юмор; Интернет-СМИ; Юмор; Кинотеатр; Автомобили; Юмор; Юмор; Юмор; Юмор; Юмор; Интернет-СМИ
м,,Пермь,"Городское сообщество; Программирование; Городское сообщество; Общество; Юмор; Фан-сообщество; Фитнес; Городское сообщество; Юмор; Интернет-СМИ; Видеоигры; Программирование; Музей, галерея, выставка; Юмор; Домашние и дикие животные; Наука; Другие виды спорта; Государственная организация; Программирование; Недвижимость"
м,9.10.1978,,
м,22.1.1907,Санкт-Петербург,
м,9.8.1984,Казань,
ж,18.12.1990,Москва,
ж,,Воронеж,
м,,,
ж,,,
м,,Севастополь,
м,,Казань,
м,31.7.1980,Пермь,
ж,,Москва,
м,,,
м,15.8.1987,Минск,
ж,,Таганрог,
м,,Prague,
м,,Москва,
м,,,
м,,Ижевск,
ж,,,
м,22.8.1991,,"Безопасность; Домашние и дикие животные; Культура; Кино; Юмор; Юмор; Юмор; Кино; Кулинария, рецепты; Техника, электроника; Кулинария, рецепты; Языки; Фан-сообщество; Творчество; Кафе, ресторан; Фитнес-центр; Юмор; Юмор; Языки; Юмор"
м,23.10.1980,Москва,
ж,11.2.1993,Новосибирск,"Городское сообщество; Интернет-СМИ; Эротика; Юмор; Астрология, эзотерика; Музей, галерея, выставка; Творчество; Тренинг, семинар; Одежда, обувь; Творчество; Парфюмерия, косметика; Культура; Парфюмерия, косметика; Товары для дома; Юмор; Здоровый образ жизни; Страна; Пассажирские перевозки; Парфюмерия, косметика; Парфюмерия, косметика"
м,13.2.1989,,
ж,,Москва,
м,,Севастополь,"Автовладельцы; Городское сообщество; Музыка; Электронная музыка; Электроника; Городское сообщество; Шоу, передача; Объявления; Активный отдых; Электронная музыка; Дизайн и графика; Фотография; Дизайн и графика; Дизайн и графика; Дизайн и графика; Туризм, путешествия; Печать, полиграфия; Сайты; Дизайнер; Дизайн и графика"
м,,Сочи,История; Образование; Домашние и дикие животные; Творчество; Наука; Юмор; Наука; Наука; Наука; Метал; Языки; Художник; Наука; Музыкальная группа; Дизайн и графика; Фотография; Студия звукозаписи; Музыкант; Художник; Фотография
