post_title,upvotes,num_comments,date_created
Decoding the preprocessing methods in the pipeline of building LLMs,9,4,2023-07-17 09:31:09
Running LLMs Locally,41,34,2023-07-17 08:41:17
"There's an Azure OpenAI sub for which a primary key and a secondary key exists which is managed via the Azure portal. Current rate limits applies to these keys. There's option to regenerate keys via the portal. How to have multiple keys within the same subscription, with separate rate limits?",2,3,2023-07-16 13:18:17
"Does USA have free online legal databases in the same format as BAILII, CanLII, CommonLII, etc?",5,1,2023-07-15 23:14:23
Jobs with a LLM,5,6,2023-07-14 18:38:43
How do you Monitor Your Production LLM based Application?,0,6,2023-07-14 08:03:17
"Hey folks! Ever wished you could get a mind-blowing brainstorm report generated by AI agents in just 20 minutes? Well, guess what? You heard it right! I'm thrilled to introduce my very first web app, BrainstormGPT!",4,3,2023-07-13 11:31:31
Best way to map user questions to code functions,0,10,2023-07-12 01:08:54
Falcon 40B - impressive local LLM,1,4,2023-07-10 14:03:06
Fine-Tuning Insights: Lessons from Experimenting with RedPajama Large Language Model on Flyte Slack Data,0,2,2023-07-10 13:30:07
"Are ""Language Models"" simply Decoder-Only Transformers?",0,2,2023-07-10 06:48:34
AI player companions?,1,1,2023-07-10 05:48:27
"Introduction to Language Models (LLM's, Prompt Engineering, Encoder/Deco...",0,1,2023-07-09 12:16:26
LLM + SQE,1,1,2023-07-08 19:08:22
GPT Alternatives,1,7,2023-07-08 07:36:57
Is there decent open-source LLMs faster than Falcon-7b-instruct?,2,4,2023-07-08 07:28:54
Is someone here who is applying or applied already to Washington State to sit for the bar as an LLM?,4,0,2023-07-07 15:33:26
"General LLM VS LLM with concentration,which one is better for future career ?",3,0,2023-07-07 10:18:47
NSQL: First Ever Fully OpenSource SQL Foundation Model,1,1,2023-07-07 05:52:04
Book recommendation please,2,1,2023-07-07 04:49:28
Who chooses what tools you can use for work?,0,4,2023-07-06 17:30:34
What GPA did you get in your LLM program?,3,3,2023-07-06 13:52:06
I need a personal model,0,3,2023-07-06 09:32:55
"Seeking Advice: Building Language Models for Non-English Languages (e.g., Spanish or Japanese)",0,4,2023-07-05 15:30:01
How many credits should I take?,3,1,2023-07-04 15:48:40
Best Law books,1,1,2023-07-03 21:24:41
LLM IN UK,2,0,2023-07-03 20:09:07
customizing llm with subreddit data.,0,3,2023-07-02 23:41:26
A Blueprint for AI Regulation,0,1,2023-06-29 23:05:00
Powerpoint generator,0,1,2023-06-29 17:19:09
Tax LLM advice,2,1,2023-06-29 02:48:36
LLM Comparison,0,3,2023-06-27 22:04:21
Fine tuning Openllama,0,2,2023-06-27 12:49:37
Running LLM As Chatbot in your cloud (AWS/GCP/Azure) with a single command,0,6,2023-06-27 06:53:07
"INTRODUCING SECONDBRAIN: AN OPEN-SOURCE WEB APP THAT SERVES AS AN ALTERNATIVE TO OPENAI. WITH THE ABILITY TO ADD CUSTOM KNOWLEDGE USING PDF, SOURCE LINKS, AND WIKIPEDIA, SECONDBRAIN OFFERS PERSONALIZED ASSISTANCE ALONGSIDE INTELLIGENT RESPONSES, MAKING IT AN INVALUABLE TOOL FOR RESEARCH, WRITING etc",2,5,2023-06-26 16:22:43
"Two mini-courses for chatting with Github and Arxiv using LangChainAI, OpenAI, ChromaDB, Pinecone and ArizeAI",2,0,2023-06-24 10:55:43
Use LLMs for scam detection,0,3,2023-06-24 07:51:01
AI-based content recommendation,0,2,2023-06-22 20:02:37
What is the approach for extraction of structured data from financial documents,0,1,2023-06-22 16:59:39
LLMs,0,1,2023-06-22 10:07:38
ChatGPT-based Research Pilot,0,2,2023-06-21 22:38:18
I got a llm to make me a snake gAME!!!,0,2,2023-06-21 08:16:22
Ramping up on LLMs,0,6,2023-06-19 05:06:16
Low VRAM users - best model,0,4,2023-06-18 20:58:54
google course on generative ai,0,2,2023-06-18 07:48:37
Automate any task with a single AI command (Open Source),0,1,2023-06-17 04:58:19
If you have an LLM from the UK can you take the bar in the states (D.C) and practice?,1,4,2023-06-15 20:09:22
LLM,0,7,2023-06-15 16:05:20
Extracting mathy text from pdf,0,4,2023-06-14 19:39:42
LLM who is going to take the NY bar exam needs help.,3,0,2023-06-13 19:11:49
Shorts Company,0,0,2023-06-13 01:10:37
Hello everyone! I have Andrew NGâ€™s ML specializatin course and Iâ€™ve been working. I want to work for LLMs. What should I do? Can you suggest roadmap for me? Thank you,0,3,2023-06-12 19:12:28
For anyone that's interest. Here's a video I made about a voice llm modeled to tell you your horoscope. Number to call and try is in the description!,0,6,2023-06-07 18:28:14
Replace UI with chat,0,2,2023-06-07 16:45:37
Schema Matching using LLM,0,6,2023-06-05 11:15:31
"This sub is for the law postgraduate masters degree, NOT large language models",27,14,2023-05-26 08:24:50
summarize webpages and recommend related articles,1,2,2023-05-26 05:15:10
tiny_llm_finetuning - Finetuning openLLaMA LLM on Intel discrete GPUs (XPU) to generate text,0,2,2023-05-26 02:27:54
Query your own files - LLM integrations,1,3,2023-05-25 19:33:00
Has anyone completed the Online LL.M. in Digital Law and Technology at the University of Lyon?,4,5,2023-05-25 06:24:32
Local Install LLM / Fine Tune,2,2,2023-05-25 04:50:24
The RWKV language model: An RNN with the advantages of a transformer (Hugely improved context length),1,2,2023-05-25 03:10:56
What are some examples of cloud-provided private LLMs?,0,1,2023-05-24 00:35:20
A User's Guide to GPT & LLMs For Economics Research,1,1,2023-05-23 05:52:33
Taking the US bar while doing the LLM?,6,9,2023-05-22 13:11:19
Undergrad or JD GPA?,6,2,2023-05-17 11:56:49
Figuring out general specs for running LLM models,0,2,2023-05-13 18:58:23
I named my purple Bing ChatGpt robot: Leilani.,0,2,2023-05-10 06:00:16
Has anyone installed and run Alpaca LLM (Dalai LLaMa)!,3,3,2023-05-10 04:28:06
"Leiden, Amsterdam, Utrecht",3,0,2023-05-09 15:59:04
This sub is very confused - LLM vs. LLM,34,6,2023-05-06 14:15:06
Domain-specific LLM,5,5,2023-05-05 12:48:21
How would i train an LLM on books?,9,10,2023-05-02 05:20:35
LLM for a new language,1,0,2023-04-24 19:45:01
Open LLMs can't sort numbers,6,2,2023-04-20 19:40:08
"""Auto-GPT"" but running in Salesforce",5,0,2023-04-20 01:10:58
ðŸ¤– Unleash the Power of AI Anywhere with the ChatGPT Offline USB - A Game-Changing Revolution! ðŸ”¥,0,3,2023-04-18 02:31:23
LLM without a JD,2,14,2023-04-09 15:28:22
A couple of doubts...,2,2,2023-04-09 06:56:39
law school debt,5,9,2023-04-07 06:57:48
stanford vs. georgetown,3,2,2023-04-07 05:31:11
Help me decide! LSE x European Master in Law and Economics,3,2,2023-04-03 00:50:35
BloombergGPT: The First GPT for Finance,2,0,2023-04-02 14:22:21
For anybody wondering what LLMs the market wants,10,0,2023-03-31 18:42:30
Got my A to Georgetown Tax,6,0,2023-03-29 22:26:44
Level of importance of recommendation letter from professor?,2,0,2023-03-29 10:53:40
LLM fine-tuned on large unsupervised dataset,0,0,2023-03-27 21:12:36
Age Range,6,2,2023-03-23 02:39:59
Studying for bar exam,2,1,2023-03-20 19:36:28
Environmental Law LL.M. Which to choose?,3,0,2023-03-20 04:38:09
Is it too late to apply for LLM at LSE and UCL?,3,1,2023-03-19 17:37:44
LLM in UK v LLM in Ireland,5,0,2023-03-17 22:36:58
Pick UCB or Northwestern?,2,0,2023-03-16 21:19:30
University of California Irvine VS Loyola Law School,3,0,2023-03-16 02:46:45
[META] Just want to point out that if you visit this place and do not know what LLM stands for you get no help from the sidebar. Just saying :-),5,2,2023-03-15 16:45:54
Waitlisted at Harvard (LL.M),2,0,2023-03-15 15:49:08
Maitrise in law (M1 from France) + LLM enough for Bar in NY/DC/CA?,1,1,2023-03-15 15:29:00
STANFORD LLM INTERVIEW? WHAT!?,3,10,2023-03-03 20:14:26
Georgetown LL.M. in Tax prospects,1,2,2023-03-03 16:28:59
Applied for an LL.M. in Tax at GT,1,0,2023-03-02 21:50:10
LLM BERKELEY ADMISSION! Now...what? Scholarship?,3,8,2023-03-01 22:55:17
How to get internship in immigration firm or company in Austin with no prior background and currently doing LLM in Texas and bachelors from foreign country,3,0,2023-02-25 17:13:15
LSE LLM Application,2,1,2023-02-16 17:03:21
LL.M. in English under 15.000 USD?,3,1,2023-02-13 21:04:26
Penn State LLM Scholarship!!!,3,3,2023-02-12 18:43:11
George Mason Flex-LLM (Online)?,0,0,2023-02-06 16:23:42
GULC LLM in Tax Online or BU's in-perosn LLM,2,4,2023-01-30 20:24:40
Hi everyone! I was wondering if anyone has completed their LLM at UCL and/or LSE.,7,1,2023-01-08 13:34:44
What are my chances of getting into LSE?,2,0,2022-12-16 20:42:32
LL.M in UK,3,2,2022-12-13 16:46:12
Could I get into LSE for an LLM if not LSE than what?,1,0,2022-12-13 16:44:05
Iâ€™m student of BS peace and conflict studies.,1,0,2022-11-24 17:29:44
Looking for LLM programs that do not require you to apply via LSAC,3,6,2022-11-08 18:02:11
Work in Canada,1,6,2022-11-01 19:35:18
Choice of an Online LL.M. program on U.S. Law,3,8,2022-11-01 18:15:55
SOP,1,0,2022-10-09 19:07:46
LLM Guide,12,10,2022-09-02 20:32:32
Need some advice.,1,0,2022-09-01 08:12:42
Question regarding Tax LL.M. programs outside of the US.,1,0,2022-08-29 09:50:10
"I would love an LLM, but Iâ€™m a US JD, not yet barred, and I canâ€™t get any letters of recommendations. Does anyone know of any schools that will consider me with these stipulations?",1,3,2022-08-09 06:58:03
Tax or Estate Planning LLM,2,1,2022-08-02 16:08:09
Choice of LLM,1,6,2022-07-06 08:10:44
"Accepted to NYU, but existing firm wonâ€™t help pay for any costs related to the program",1,1,2022-06-16 02:32:42
University of Law (Online) feedback ðŸ˜€,1,0,2022-05-25 17:02:16
"LLM Scholarship. Hi, would like to ask for any links on LLM scholarships in the US and EU. I am a governmemt lawyer in the Philippines, planning to apply for scholarships. thanks in advance.",2,0,2022-05-17 14:46:10
Planning to apply to LLMs in the US this year from an Indian background. Need help with consultants.,3,1,2022-05-17 05:52:23
What does conditionally admitted mean?,1,2,2022-05-10 08:42:24
US JD Required,2,5,2022-05-07 00:15:23
successful LLM applicants: help with personal statement,3,5,2022-04-17 22:56:20
LLM for non-lawyer?,2,5,2022-04-07 04:39:15
Suggest which is to choose Cornell ..Berkeley ...NYU..penn ..,1,0,2022-04-06 18:16:42
Mexican Lawyer looking to start an LLM to practice law in the USA,2,5,2022-03-10 14:27:06
Berkeley vs GULC - Environmental and Energy Law,3,1,2022-03-05 12:37:09
Human Rights LLM. Which School?,3,2,2022-02-24 09:04:30
Does LLM degree matter at all?,1,1,2022-02-13 20:31:07
Arcadia fellowship in international Copyright,1,7,2022-02-10 12:30:48
WashU vs UMich LLM in IP,1,0,2022-02-09 23:14:47
Which University to choose?,2,6,2022-02-09 17:55:08
USC LLM,1,0,2022-02-07 15:30:02
Should I consider LLM in tax?,2,0,2022-01-27 00:12:11
NYU/Georgetown Online Tax LLM,3,2,2022-01-18 18:05:39
Choices,2,0,2022-01-10 19:37:25
LLM Application Cycle,6,5,2022-01-08 20:32:53
Help with choosing and LLM,1,4,2022-01-03 20:23:44
